2026-04-17 00:17:55.477 [restartedMain] INFO  com.example.esp32_robot.Esp32RobotApplication - Starting Esp32RobotApplication using Java 17.0.17 with PID 23816 (E:\esp32-robot\esp32-backend\target\classes started by 27863 in E:\esp32-robot\esp32-backend)
2026-04-17 00:17:55.484 [restartedMain] DEBUG com.example.esp32_robot.Esp32RobotApplication - Running with Spring Boot v3.2.5, Spring v6.1.6
2026-04-17 00:17:55.485 [restartedMain] INFO  com.example.esp32_robot.Esp32RobotApplication - No active profile set, falling back to 1 default profile: "default"
2026-04-17 00:17:55.577 [restartedMain] INFO  o.s.b.d.env.DevToolsPropertyDefaultsPostProcessor - Devtools property defaults active! Set 'spring.devtools.add-properties' to 'false' to disable
2026-04-17 00:17:55.577 [restartedMain] INFO  o.s.b.d.env.DevToolsPropertyDefaultsPostProcessor - For additional web related logging consider setting the 'logging.level.web' property to 'DEBUG'
2026-04-17 00:17:57.108 [restartedMain] INFO  o.s.d.r.config.RepositoryConfigurationDelegate - Bootstrapping Spring Data JPA repositories in DEFAULT mode.
2026-04-17 00:17:57.251 [restartedMain] INFO  o.s.d.r.config.RepositoryConfigurationDelegate - Finished Spring Data repository scanning in 131 ms. Found 8 JPA repository interfaces.
2026-04-17 00:17:58.909 [restartedMain] INFO  o.s.boot.web.embedded.tomcat.TomcatWebServer - Tomcat initialized with port 8080 (http)
2026-04-17 00:17:58.935 [restartedMain] INFO  org.apache.coyote.http11.Http11NioProtocol - Initializing ProtocolHandler ["http-nio-8080"]
2026-04-17 00:17:58.940 [restartedMain] INFO  org.apache.catalina.core.StandardService - Starting service [Tomcat]
2026-04-17 00:17:58.941 [restartedMain] INFO  org.apache.catalina.core.StandardEngine - Starting Servlet engine: [Apache Tomcat/10.1.20]
2026-04-17 00:17:59.153 [restartedMain] INFO  o.a.c.core.ContainerBase.[Tomcat].[localhost].[/] - Initializing Spring embedded WebApplicationContext
2026-04-17 00:17:59.156 [restartedMain] INFO  o.s.b.w.s.c.ServletWebServerApplicationContext - Root WebApplicationContext: initialization completed in 3576 ms
2026-04-17 00:18:00.274 [restartedMain] INFO  o.s.o.j.persistenceunit.SpringPersistenceUnitInfo - No LoadTimeWeaver setup: ignoring JPA class transformer
2026-04-17 00:18:00.322 [restartedMain] INFO  com.zaxxer.hikari.HikariDataSource - HikariPool-1 - Starting...
2026-04-17 00:18:00.538 [restartedMain] INFO  com.zaxxer.hikari.pool.HikariPool - HikariPool-1 - Added connection com.mysql.cj.jdbc.ConnectionImpl@3c2b5424
2026-04-17 00:18:00.541 [restartedMain] INFO  com.zaxxer.hikari.HikariDataSource - HikariPool-1 - Start completed.
2026-04-17 00:18:00.592 [restartedMain] WARN  org.hibernate.orm.deprecation - HHH90000025: MySQL8Dialect does not need to be specified explicitly using 'hibernate.dialect' (remove the property setting and it will be selected by default)
2026-04-17 00:18:00.593 [restartedMain] WARN  org.hibernate.orm.deprecation - HHH90000026: MySQL8Dialect has been deprecated; use org.hibernate.dialect.MySQLDialect instead
2026-04-17 00:18:02.464 [restartedMain] INFO  o.s.orm.jpa.LocalContainerEntityManagerFactoryBean - Initialized JPA EntityManagerFactory for persistence unit 'default'
2026-04-17 00:18:03.051 [restartedMain] INFO  o.s.data.jpa.repository.query.QueryEnhancerFactory - Hibernate is in classpath; If applicable, HQL parser will be used.
2026-04-17 00:18:09.365 [restartedMain] INFO  o.s.security.web.DefaultSecurityFilterChain - Will secure any request with [org.springframework.security.web.session.DisableEncodeUrlFilter@45933df1, org.springframework.security.web.context.request.async.WebAsyncManagerIntegrationFilter@10c129ef, org.springframework.security.web.context.SecurityContextHolderFilter@13bf88e, org.springframework.security.web.header.HeaderWriterFilter@7e7e81b0, org.springframework.web.filter.CorsFilter@7161c431, org.springframework.security.web.csrf.CsrfFilter@47ff7a51, org.springframework.security.web.authentication.logout.LogoutFilter@7f5518dd, org.springframework.security.web.authentication.UsernamePasswordAuthenticationFilter@20d6f87a, org.springframework.security.web.authentication.ui.DefaultLoginPageGeneratingFilter@76e5115e, org.springframework.security.web.authentication.ui.DefaultLogoutPageGeneratingFilter@670a2677, org.springframework.security.web.authentication.www.BasicAuthenticationFilter@1aa3b7, org.springframework.security.web.savedrequest.RequestCacheAwareFilter@419f77d6, org.springframework.security.web.servletapi.SecurityContextHolderAwareRequestFilter@58468065, org.springframework.security.web.authentication.AnonymousAuthenticationFilter@3baaf3d2, org.springframework.security.web.access.ExceptionTranslationFilter@78e41e2, org.springframework.security.web.access.intercept.AuthorizationFilter@506c1787]
2026-04-17 00:18:09.669 [restartedMain] INFO  o.s.b.d.autoconfigure.OptionalLiveReloadServer - LiveReload server is running on port 35729
2026-04-17 00:18:09.723 [restartedMain] INFO  org.apache.coyote.http11.Http11NioProtocol - Starting ProtocolHandler ["http-nio-8080"]
2026-04-17 00:18:09.799 [restartedMain] INFO  o.s.boot.web.embedded.tomcat.TomcatWebServer - Tomcat started on port 8080 (http) with context path ''
2026-04-17 00:18:09.840 [restartedMain] INFO  com.example.esp32_robot.Esp32RobotApplication - Started Esp32RobotApplication in 15.306 seconds (process running for 16.584)
2026-04-17 00:18:09.856 [scheduling-1] DEBUG c.example.esp32_robot.scheduler.ReminderScheduler - Checking due reminders...
2026-04-17 00:18:09.878 [scheduling-1] INFO  c.e.esp32_robot.service.impl.ReminderServiceImpl - Fetching due reminders
2026-04-17 00:18:10.047 [scheduling-1] INFO  c.e.esp32_robot.service.impl.ReminderServiceImpl - Found 0 due reminders
2026-04-17 00:18:40.056 [scheduling-1] DEBUG c.example.esp32_robot.scheduler.ReminderScheduler - Checking due reminders...
2026-04-17 00:18:40.058 [scheduling-1] INFO  c.e.esp32_robot.service.impl.ReminderServiceImpl - Fetching due reminders
2026-04-17 00:18:40.060 [scheduling-1] INFO  c.e.esp32_robot.service.impl.ReminderServiceImpl - Found 0 due reminders
2026-04-17 00:19:10.075 [scheduling-1] DEBUG c.example.esp32_robot.scheduler.ReminderScheduler - Checking due reminders...
2026-04-17 00:19:10.077 [scheduling-1] INFO  c.e.esp32_robot.service.impl.ReminderServiceImpl - Fetching due reminders
2026-04-17 00:19:10.084 [scheduling-1] INFO  c.e.esp32_robot.service.impl.ReminderServiceImpl - Found 0 due reminders
2026-04-17 00:19:40.093 [scheduling-1] DEBUG c.example.esp32_robot.scheduler.ReminderScheduler - Checking due reminders...
2026-04-17 00:19:40.094 [scheduling-1] INFO  c.e.esp32_robot.service.impl.ReminderServiceImpl - Fetching due reminders
2026-04-17 00:19:40.097 [scheduling-1] INFO  c.e.esp32_robot.service.impl.ReminderServiceImpl - Found 0 due reminders
2026-04-17 00:20:10.109 [scheduling-1] DEBUG c.example.esp32_robot.scheduler.ReminderScheduler - Checking due reminders...
2026-04-17 00:20:10.110 [scheduling-1] INFO  c.e.esp32_robot.service.impl.ReminderServiceImpl - Fetching due reminders
2026-04-17 00:20:10.114 [scheduling-1] INFO  c.e.esp32_robot.service.impl.ReminderServiceImpl - Found 0 due reminders
2026-04-17 00:20:40.124 [scheduling-1] DEBUG c.example.esp32_robot.scheduler.ReminderScheduler - Checking due reminders...
2026-04-17 00:20:40.125 [scheduling-1] INFO  c.e.esp32_robot.service.impl.ReminderServiceImpl - Fetching due reminders
2026-04-17 00:20:40.130 [scheduling-1] INFO  c.e.esp32_robot.service.impl.ReminderServiceImpl - Found 0 due reminders
2026-04-17 00:21:10.135 [scheduling-1] DEBUG c.example.esp32_robot.scheduler.ReminderScheduler - Checking due reminders...
2026-04-17 00:21:10.136 [scheduling-1] INFO  c.e.esp32_robot.service.impl.ReminderServiceImpl - Fetching due reminders
2026-04-17 00:21:10.138 [scheduling-1] INFO  c.e.esp32_robot.service.impl.ReminderServiceImpl - Found 0 due reminders
2026-04-17 00:21:40.146 [scheduling-1] DEBUG c.example.esp32_robot.scheduler.ReminderScheduler - Checking due reminders...
2026-04-17 00:21:40.147 [scheduling-1] INFO  c.e.esp32_robot.service.impl.ReminderServiceImpl - Fetching due reminders
2026-04-17 00:21:40.150 [scheduling-1] INFO  c.e.esp32_robot.service.impl.ReminderServiceImpl - Found 0 due reminders
2026-04-17 00:22:10.165 [scheduling-1] DEBUG c.example.esp32_robot.scheduler.ReminderScheduler - Checking due reminders...
2026-04-17 00:22:10.166 [scheduling-1] INFO  c.e.esp32_robot.service.impl.ReminderServiceImpl - Fetching due reminders
2026-04-17 00:22:10.169 [scheduling-1] INFO  c.e.esp32_robot.service.impl.ReminderServiceImpl - Found 0 due reminders
2026-04-17 00:22:40.183 [scheduling-1] DEBUG c.example.esp32_robot.scheduler.ReminderScheduler - Checking due reminders...
2026-04-17 00:22:40.184 [scheduling-1] INFO  c.e.esp32_robot.service.impl.ReminderServiceImpl - Fetching due reminders
2026-04-17 00:22:40.187 [scheduling-1] INFO  c.e.esp32_robot.service.impl.ReminderServiceImpl - Found 0 due reminders
2026-04-17 00:23:10.188 [scheduling-1] DEBUG c.example.esp32_robot.scheduler.ReminderScheduler - Checking due reminders...
2026-04-17 00:23:10.190 [scheduling-1] INFO  c.e.esp32_robot.service.impl.ReminderServiceImpl - Fetching due reminders
2026-04-17 00:23:10.193 [scheduling-1] INFO  c.e.esp32_robot.service.impl.ReminderServiceImpl - Found 0 due reminders
2026-04-17 00:23:40.196 [scheduling-1] DEBUG c.example.esp32_robot.scheduler.ReminderScheduler - Checking due reminders...
2026-04-17 00:23:40.198 [scheduling-1] INFO  c.e.esp32_robot.service.impl.ReminderServiceImpl - Fetching due reminders
2026-04-17 00:23:40.201 [scheduling-1] INFO  c.e.esp32_robot.service.impl.ReminderServiceImpl - Found 0 due reminders
2026-04-17 00:24:10.213 [scheduling-1] DEBUG c.example.esp32_robot.scheduler.ReminderScheduler - Checking due reminders...
2026-04-17 00:24:10.214 [scheduling-1] INFO  c.e.esp32_robot.service.impl.ReminderServiceImpl - Fetching due reminders
2026-04-17 00:24:10.217 [scheduling-1] INFO  c.e.esp32_robot.service.impl.ReminderServiceImpl - Found 0 due reminders
2026-04-17 00:24:40.231 [scheduling-1] DEBUG c.example.esp32_robot.scheduler.ReminderScheduler - Checking due reminders...
2026-04-17 00:24:40.232 [scheduling-1] INFO  c.e.esp32_robot.service.impl.ReminderServiceImpl - Fetching due reminders
2026-04-17 00:24:40.234 [scheduling-1] INFO  c.e.esp32_robot.service.impl.ReminderServiceImpl - Found 0 due reminders
2026-04-17 00:25:10.242 [scheduling-1] DEBUG c.example.esp32_robot.scheduler.ReminderScheduler - Checking due reminders...
2026-04-17 00:25:10.244 [scheduling-1] INFO  c.e.esp32_robot.service.impl.ReminderServiceImpl - Fetching due reminders
2026-04-17 00:25:10.248 [scheduling-1] INFO  c.e.esp32_robot.service.impl.ReminderServiceImpl - Found 0 due reminders
2026-04-17 00:25:40.261 [scheduling-1] DEBUG c.example.esp32_robot.scheduler.ReminderScheduler - Checking due reminders...
2026-04-17 00:25:40.264 [scheduling-1] INFO  c.e.esp32_robot.service.impl.ReminderServiceImpl - Fetching due reminders
2026-04-17 00:25:40.270 [scheduling-1] INFO  c.e.esp32_robot.service.impl.ReminderServiceImpl - Found 0 due reminders
2026-04-17 00:26:10.278 [scheduling-1] DEBUG c.example.esp32_robot.scheduler.ReminderScheduler - Checking due reminders...
2026-04-17 00:26:10.279 [scheduling-1] INFO  c.e.esp32_robot.service.impl.ReminderServiceImpl - Fetching due reminders
2026-04-17 00:26:10.281 [scheduling-1] INFO  c.e.esp32_robot.service.impl.ReminderServiceImpl - Found 0 due reminders
2026-04-17 00:26:40.294 [scheduling-1] DEBUG c.example.esp32_robot.scheduler.ReminderScheduler - Checking due reminders...
2026-04-17 00:26:40.296 [scheduling-1] INFO  c.e.esp32_robot.service.impl.ReminderServiceImpl - Fetching due reminders
2026-04-17 00:26:40.298 [scheduling-1] INFO  c.e.esp32_robot.service.impl.ReminderServiceImpl - Found 0 due reminders
2026-04-17 00:27:10.309 [scheduling-1] DEBUG c.example.esp32_robot.scheduler.ReminderScheduler - Checking due reminders...
2026-04-17 00:27:10.311 [scheduling-1] INFO  c.e.esp32_robot.service.impl.ReminderServiceImpl - Fetching due reminders
2026-04-17 00:27:10.312 [scheduling-1] INFO  c.e.esp32_robot.service.impl.ReminderServiceImpl - Found 0 due reminders
2026-04-17 00:27:40.325 [scheduling-1] DEBUG c.example.esp32_robot.scheduler.ReminderScheduler - Checking due reminders...
2026-04-17 00:27:40.327 [scheduling-1] INFO  c.e.esp32_robot.service.impl.ReminderServiceImpl - Fetching due reminders
2026-04-17 00:27:40.329 [scheduling-1] INFO  c.e.esp32_robot.service.impl.ReminderServiceImpl - Found 0 due reminders
2026-04-17 00:28:10.335 [scheduling-1] DEBUG c.example.esp32_robot.scheduler.ReminderScheduler - Checking due reminders...
2026-04-17 00:28:10.336 [scheduling-1] INFO  c.e.esp32_robot.service.impl.ReminderServiceImpl - Fetching due reminders
2026-04-17 00:28:10.338 [scheduling-1] INFO  c.e.esp32_robot.service.impl.ReminderServiceImpl - Found 0 due reminders
2026-04-17 00:28:40.348 [scheduling-1] DEBUG c.example.esp32_robot.scheduler.ReminderScheduler - Checking due reminders...
2026-04-17 00:28:40.349 [scheduling-1] INFO  c.e.esp32_robot.service.impl.ReminderServiceImpl - Fetching due reminders
2026-04-17 00:28:40.352 [scheduling-1] INFO  c.e.esp32_robot.service.impl.ReminderServiceImpl - Found 0 due reminders
2026-04-17 00:29:10.360 [scheduling-1] DEBUG c.example.esp32_robot.scheduler.ReminderScheduler - Checking due reminders...
2026-04-17 00:29:10.361 [scheduling-1] INFO  c.e.esp32_robot.service.impl.ReminderServiceImpl - Fetching due reminders
2026-04-17 00:29:10.363 [scheduling-1] INFO  c.e.esp32_robot.service.impl.ReminderServiceImpl - Found 0 due reminders
2026-04-17 00:29:40.379 [scheduling-1] DEBUG c.example.esp32_robot.scheduler.ReminderScheduler - Checking due reminders...
2026-04-17 00:29:40.380 [scheduling-1] INFO  c.e.esp32_robot.service.impl.ReminderServiceImpl - Fetching due reminders
2026-04-17 00:29:40.382 [scheduling-1] INFO  c.e.esp32_robot.service.impl.ReminderServiceImpl - Found 0 due reminders
2026-04-17 00:30:10.390 [scheduling-1] DEBUG c.example.esp32_robot.scheduler.ReminderScheduler - Checking due reminders...
2026-04-17 00:30:10.391 [scheduling-1] INFO  c.e.esp32_robot.service.impl.ReminderServiceImpl - Fetching due reminders
2026-04-17 00:30:10.394 [scheduling-1] INFO  c.e.esp32_robot.service.impl.ReminderServiceImpl - Found 0 due reminders
2026-04-17 00:30:40.408 [scheduling-1] DEBUG c.example.esp32_robot.scheduler.ReminderScheduler - Checking due reminders...
2026-04-17 00:30:40.410 [scheduling-1] INFO  c.e.esp32_robot.service.impl.ReminderServiceImpl - Fetching due reminders
2026-04-17 00:30:40.412 [scheduling-1] INFO  c.e.esp32_robot.service.impl.ReminderServiceImpl - Found 0 due reminders
2026-04-17 00:31:10.413 [scheduling-1] DEBUG c.example.esp32_robot.scheduler.ReminderScheduler - Checking due reminders...
2026-04-17 00:31:10.414 [scheduling-1] INFO  c.e.esp32_robot.service.impl.ReminderServiceImpl - Fetching due reminders
2026-04-17 00:31:10.417 [scheduling-1] INFO  c.e.esp32_robot.service.impl.ReminderServiceImpl - Found 0 due reminders
2026-04-17 00:31:40.425 [scheduling-1] DEBUG c.example.esp32_robot.scheduler.ReminderScheduler - Checking due reminders...
2026-04-17 00:31:40.426 [scheduling-1] INFO  c.e.esp32_robot.service.impl.ReminderServiceImpl - Fetching due reminders
2026-04-17 00:31:40.428 [scheduling-1] INFO  c.e.esp32_robot.service.impl.ReminderServiceImpl - Found 0 due reminders
2026-04-17 00:32:10.445 [scheduling-1] DEBUG c.example.esp32_robot.scheduler.ReminderScheduler - Checking due reminders...
2026-04-17 00:32:10.446 [scheduling-1] INFO  c.e.esp32_robot.service.impl.ReminderServiceImpl - Fetching due reminders
2026-04-17 00:32:10.448 [scheduling-1] INFO  c.e.esp32_robot.service.impl.ReminderServiceImpl - Found 0 due reminders
2026-04-17 00:32:25.290 [http-nio-8080-exec-1] INFO  org.springframework.web.servlet.DispatcherServlet - Initializing Servlet 'dispatcherServlet'
2026-04-17 00:32:25.296 [http-nio-8080-exec-1] INFO  org.springframework.web.servlet.DispatcherServlet - Completed initialization in 5 ms
2026-04-17 00:32:40.452 [scheduling-1] DEBUG c.example.esp32_robot.scheduler.ReminderScheduler - Checking due reminders...
2026-04-17 00:32:40.453 [scheduling-1] INFO  c.e.esp32_robot.service.impl.ReminderServiceImpl - Fetching due reminders
2026-04-17 00:32:40.457 [scheduling-1] INFO  c.e.esp32_robot.service.impl.ReminderServiceImpl - Found 0 due reminders
2026-04-17 00:33:10.461 [scheduling-1] DEBUG c.example.esp32_robot.scheduler.ReminderScheduler - Checking due reminders...
2026-04-17 00:33:10.462 [scheduling-1] INFO  c.e.esp32_robot.service.impl.ReminderServiceImpl - Fetching due reminders
2026-04-17 00:33:10.464 [scheduling-1] INFO  c.e.esp32_robot.service.impl.ReminderServiceImpl - Found 0 due reminders
2026-04-17 00:33:25.242 [SpringApplicationShutdownHook] INFO  o.s.orm.jpa.LocalContainerEntityManagerFactoryBean - Closing JPA EntityManagerFactory for persistence unit 'default'
2026-04-17 00:33:25.249 [SpringApplicationShutdownHook] INFO  com.zaxxer.hikari.HikariDataSource - HikariPool-1 - Shutdown initiated...
2026-04-17 00:33:25.265 [SpringApplicationShutdownHook] INFO  com.zaxxer.hikari.HikariDataSource - HikariPool-1 - Shutdown completed.
2026-04-17 00:33:29.166 [restartedMain] INFO  com.example.esp32_robot.Esp32RobotApplication - Starting Esp32RobotApplication using Java 17.0.17 with PID 26320 (E:\esp32-robot\esp32-backend\target\classes started by 27863 in E:\esp32-robot\esp32-backend)
2026-04-17 00:33:29.168 [restartedMain] DEBUG com.example.esp32_robot.Esp32RobotApplication - Running with Spring Boot v3.2.5, Spring v6.1.6
2026-04-17 00:33:29.169 [restartedMain] INFO  com.example.esp32_robot.Esp32RobotApplication - No active profile set, falling back to 1 default profile: "default"
2026-04-17 00:33:29.222 [restartedMain] INFO  o.s.b.d.env.DevToolsPropertyDefaultsPostProcessor - Devtools property defaults active! Set 'spring.devtools.add-properties' to 'false' to disable
2026-04-17 00:33:29.224 [restartedMain] INFO  o.s.b.d.env.DevToolsPropertyDefaultsPostProcessor - For additional web related logging consider setting the 'logging.level.web' property to 'DEBUG'
2026-04-17 00:33:30.212 [restartedMain] INFO  o.s.d.r.config.RepositoryConfigurationDelegate - Bootstrapping Spring Data JPA repositories in DEFAULT mode.
2026-04-17 00:33:30.332 [restartedMain] INFO  o.s.d.r.config.RepositoryConfigurationDelegate - Finished Spring Data repository scanning in 111 ms. Found 8 JPA repository interfaces.
2026-04-17 00:33:32.077 [restartedMain] INFO  o.s.boot.web.embedded.tomcat.TomcatWebServer - Tomcat initialized with port 8080 (http)
2026-04-17 00:33:32.109 [restartedMain] INFO  org.apache.coyote.http11.Http11NioProtocol - Initializing ProtocolHandler ["http-nio-8080"]
2026-04-17 00:33:32.116 [restartedMain] INFO  org.apache.catalina.core.StandardService - Starting service [Tomcat]
2026-04-17 00:33:32.117 [restartedMain] INFO  org.apache.catalina.core.StandardEngine - Starting Servlet engine: [Apache Tomcat/10.1.20]
2026-04-17 00:33:32.293 [restartedMain] INFO  o.a.c.core.ContainerBase.[Tomcat].[localhost].[/] - Initializing Spring embedded WebApplicationContext
2026-04-17 00:33:32.295 [restartedMain] INFO  o.s.b.w.s.c.ServletWebServerApplicationContext - Root WebApplicationContext: initialization completed in 3070 ms
2026-04-17 00:33:33.181 [restartedMain] INFO  o.s.o.j.persistenceunit.SpringPersistenceUnitInfo - No LoadTimeWeaver setup: ignoring JPA class transformer
2026-04-17 00:33:33.270 [restartedMain] INFO  com.zaxxer.hikari.HikariDataSource - HikariPool-1 - Starting...
2026-04-17 00:33:33.511 [restartedMain] INFO  com.zaxxer.hikari.pool.HikariPool - HikariPool-1 - Added connection com.mysql.cj.jdbc.ConnectionImpl@84ab35
2026-04-17 00:33:33.513 [restartedMain] INFO  com.zaxxer.hikari.HikariDataSource - HikariPool-1 - Start completed.
2026-04-17 00:33:33.564 [restartedMain] WARN  org.hibernate.orm.deprecation - HHH90000025: MySQL8Dialect does not need to be specified explicitly using 'hibernate.dialect' (remove the property setting and it will be selected by default)
2026-04-17 00:33:33.565 [restartedMain] WARN  org.hibernate.orm.deprecation - HHH90000026: MySQL8Dialect has been deprecated; use org.hibernate.dialect.MySQLDialect instead
2026-04-17 00:33:35.048 [restartedMain] INFO  o.s.orm.jpa.LocalContainerEntityManagerFactoryBean - Initialized JPA EntityManagerFactory for persistence unit 'default'
2026-04-17 00:33:35.517 [restartedMain] INFO  o.s.data.jpa.repository.query.QueryEnhancerFactory - Hibernate is in classpath; If applicable, HQL parser will be used.
2026-04-17 00:33:39.203 [restartedMain] INFO  o.s.security.web.DefaultSecurityFilterChain - Will secure any request with [org.springframework.security.web.session.DisableEncodeUrlFilter@38b09f6e, org.springframework.security.web.context.request.async.WebAsyncManagerIntegrationFilter@17dbe326, org.springframework.security.web.context.SecurityContextHolderFilter@18309c7f, org.springframework.security.web.header.HeaderWriterFilter@348478f0, org.springframework.web.filter.CorsFilter@40303a1f, org.springframework.security.web.csrf.CsrfFilter@477ea14c, org.springframework.security.web.authentication.logout.LogoutFilter@211a23af, org.springframework.security.web.authentication.UsernamePasswordAuthenticationFilter@4346dd41, org.springframework.security.web.authentication.ui.DefaultLoginPageGeneratingFilter@1c049370, org.springframework.security.web.authentication.ui.DefaultLogoutPageGeneratingFilter@18ce8296, org.springframework.security.web.authentication.www.BasicAuthenticationFilter@56ff3761, org.springframework.security.web.savedrequest.RequestCacheAwareFilter@7ce00386, org.springframework.security.web.servletapi.SecurityContextHolderAwareRequestFilter@33872f62, org.springframework.security.web.authentication.AnonymousAuthenticationFilter@2439250e, org.springframework.security.web.access.ExceptionTranslationFilter@2ddc2bd5, org.springframework.security.web.access.intercept.AuthorizationFilter@3f5e0201]
2026-04-17 00:33:39.335 [restartedMain] INFO  o.s.b.d.autoconfigure.OptionalLiveReloadServer - LiveReload server is running on port 35729
2026-04-17 00:33:39.353 [restartedMain] INFO  org.apache.coyote.http11.Http11NioProtocol - Starting ProtocolHandler ["http-nio-8080"]
2026-04-17 00:33:39.383 [restartedMain] INFO  o.s.boot.web.embedded.tomcat.TomcatWebServer - Tomcat started on port 8080 (http) with context path ''
2026-04-17 00:33:39.399 [restartedMain] INFO  com.example.esp32_robot.Esp32RobotApplication - Started Esp32RobotApplication in 10.771 seconds (process running for 11.431)
2026-04-17 00:33:39.415 [scheduling-1] DEBUG c.example.esp32_robot.scheduler.ReminderScheduler - Checking due reminders...
2026-04-17 00:33:39.430 [scheduling-1] INFO  c.e.esp32_robot.service.impl.ReminderServiceImpl - Fetching due reminders
2026-04-17 00:33:39.521 [scheduling-1] INFO  c.e.esp32_robot.service.impl.ReminderServiceImpl - Found 0 due reminders
2026-04-17 00:34:08.772 [http-nio-8080-exec-1] INFO  o.a.c.core.ContainerBase.[Tomcat].[localhost].[/] - Initializing Spring DispatcherServlet 'dispatcherServlet'
2026-04-17 00:34:08.772 [http-nio-8080-exec-1] INFO  org.springframework.web.servlet.DispatcherServlet - Initializing Servlet 'dispatcherServlet'
2026-04-17 00:34:08.773 [http-nio-8080-exec-1] INFO  org.springframework.web.servlet.DispatcherServlet - Completed initialization in 1 ms
2026-04-17 00:34:09.528 [scheduling-1] DEBUG c.example.esp32_robot.scheduler.ReminderScheduler - Checking due reminders...
2026-04-17 00:34:09.529 [scheduling-1] INFO  c.e.esp32_robot.service.impl.ReminderServiceImpl - Fetching due reminders
2026-04-17 00:34:09.532 [scheduling-1] INFO  c.e.esp32_robot.service.impl.ReminderServiceImpl - Found 0 due reminders
2026-04-17 00:34:39.534 [scheduling-1] DEBUG c.example.esp32_robot.scheduler.ReminderScheduler - Checking due reminders...
2026-04-17 00:34:39.536 [scheduling-1] INFO  c.e.esp32_robot.service.impl.ReminderServiceImpl - Fetching due reminders
2026-04-17 00:34:39.541 [scheduling-1] INFO  c.e.esp32_robot.service.impl.ReminderServiceImpl - Found 0 due reminders
2026-04-17 00:35:09.543 [scheduling-1] DEBUG c.example.esp32_robot.scheduler.ReminderScheduler - Checking due reminders...
2026-04-17 00:35:09.545 [scheduling-1] INFO  c.e.esp32_robot.service.impl.ReminderServiceImpl - Fetching due reminders
2026-04-17 00:35:09.548 [scheduling-1] INFO  c.e.esp32_robot.service.impl.ReminderServiceImpl - Found 0 due reminders
2026-04-17 00:35:39.549 [scheduling-1] DEBUG c.example.esp32_robot.scheduler.ReminderScheduler - Checking due reminders...
2026-04-17 00:35:39.551 [scheduling-1] INFO  c.e.esp32_robot.service.impl.ReminderServiceImpl - Fetching due reminders
2026-04-17 00:35:39.556 [scheduling-1] INFO  c.e.esp32_robot.service.impl.ReminderServiceImpl - Found 0 due reminders
2026-04-17 00:36:09.562 [scheduling-1] DEBUG c.example.esp32_robot.scheduler.ReminderScheduler - Checking due reminders...
2026-04-17 00:36:09.564 [scheduling-1] INFO  c.e.esp32_robot.service.impl.ReminderServiceImpl - Fetching due reminders
2026-04-17 00:36:09.568 [scheduling-1] INFO  c.e.esp32_robot.service.impl.ReminderServiceImpl - Found 0 due reminders
2026-04-17 00:36:39.581 [scheduling-1] DEBUG c.example.esp32_robot.scheduler.ReminderScheduler - Checking due reminders...
2026-04-17 00:36:39.583 [scheduling-1] INFO  c.e.esp32_robot.service.impl.ReminderServiceImpl - Fetching due reminders
2026-04-17 00:36:39.586 [scheduling-1] INFO  c.e.esp32_robot.service.impl.ReminderServiceImpl - Found 0 due reminders
2026-04-17 00:37:09.601 [scheduling-1] DEBUG c.example.esp32_robot.scheduler.ReminderScheduler - Checking due reminders...
2026-04-17 00:37:09.602 [scheduling-1] INFO  c.e.esp32_robot.service.impl.ReminderServiceImpl - Fetching due reminders
2026-04-17 00:37:09.605 [scheduling-1] INFO  c.e.esp32_robot.service.impl.ReminderServiceImpl - Found 0 due reminders
2026-04-17 00:37:39.621 [scheduling-1] DEBUG c.example.esp32_robot.scheduler.ReminderScheduler - Checking due reminders...
2026-04-17 00:37:39.623 [scheduling-1] INFO  c.e.esp32_robot.service.impl.ReminderServiceImpl - Fetching due reminders
2026-04-17 00:37:39.628 [scheduling-1] INFO  c.e.esp32_robot.service.impl.ReminderServiceImpl - Found 0 due reminders
2026-04-17 00:38:09.638 [scheduling-1] DEBUG c.example.esp32_robot.scheduler.ReminderScheduler - Checking due reminders...
2026-04-17 00:38:09.639 [scheduling-1] INFO  c.e.esp32_robot.service.impl.ReminderServiceImpl - Fetching due reminders
2026-04-17 00:38:09.642 [scheduling-1] INFO  c.e.esp32_robot.service.impl.ReminderServiceImpl - Found 0 due reminders
2026-04-17 00:38:39.650 [scheduling-1] DEBUG c.example.esp32_robot.scheduler.ReminderScheduler - Checking due reminders...
2026-04-17 00:38:39.652 [scheduling-1] INFO  c.e.esp32_robot.service.impl.ReminderServiceImpl - Fetching due reminders
2026-04-17 00:38:39.655 [scheduling-1] INFO  c.e.esp32_robot.service.impl.ReminderServiceImpl - Found 0 due reminders
2026-04-17 00:39:09.665 [scheduling-1] DEBUG c.example.esp32_robot.scheduler.ReminderScheduler - Checking due reminders...
2026-04-17 00:39:09.666 [scheduling-1] INFO  c.e.esp32_robot.service.impl.ReminderServiceImpl - Fetching due reminders
2026-04-17 00:39:09.669 [scheduling-1] INFO  c.e.esp32_robot.service.impl.ReminderServiceImpl - Found 0 due reminders
2026-04-17 00:39:39.675 [scheduling-1] DEBUG c.example.esp32_robot.scheduler.ReminderScheduler - Checking due reminders...
2026-04-17 00:39:39.676 [scheduling-1] INFO  c.e.esp32_robot.service.impl.ReminderServiceImpl - Fetching due reminders
2026-04-17 00:39:39.681 [scheduling-1] INFO  c.e.esp32_robot.service.impl.ReminderServiceImpl - Found 0 due reminders
2026-04-17 00:40:09.697 [scheduling-1] DEBUG c.example.esp32_robot.scheduler.ReminderScheduler - Checking due reminders...
2026-04-17 00:40:09.699 [scheduling-1] INFO  c.e.esp32_robot.service.impl.ReminderServiceImpl - Fetching due reminders
2026-04-17 00:40:09.701 [scheduling-1] INFO  c.e.esp32_robot.service.impl.ReminderServiceImpl - Found 0 due reminders
2026-04-17 00:40:39.711 [scheduling-1] DEBUG c.example.esp32_robot.scheduler.ReminderScheduler - Checking due reminders...
2026-04-17 00:40:39.713 [scheduling-1] INFO  c.e.esp32_robot.service.impl.ReminderServiceImpl - Fetching due reminders
2026-04-17 00:40:39.716 [scheduling-1] INFO  c.e.esp32_robot.service.impl.ReminderServiceImpl - Found 0 due reminders
2026-04-17 00:41:09.722 [scheduling-1] DEBUG c.example.esp32_robot.scheduler.ReminderScheduler - Checking due reminders...
2026-04-17 00:41:09.724 [scheduling-1] INFO  c.e.esp32_robot.service.impl.ReminderServiceImpl - Fetching due reminders
2026-04-17 00:41:09.730 [scheduling-1] INFO  c.e.esp32_robot.service.impl.ReminderServiceImpl - Found 0 due reminders
2026-04-17 00:41:39.733 [scheduling-1] DEBUG c.example.esp32_robot.scheduler.ReminderScheduler - Checking due reminders...
2026-04-17 00:41:39.734 [scheduling-1] INFO  c.e.esp32_robot.service.impl.ReminderServiceImpl - Fetching due reminders
2026-04-17 00:41:39.737 [scheduling-1] INFO  c.e.esp32_robot.service.impl.ReminderServiceImpl - Found 0 due reminders
2026-04-17 00:42:09.742 [scheduling-1] DEBUG c.example.esp32_robot.scheduler.ReminderScheduler - Checking due reminders...
2026-04-17 00:42:09.744 [scheduling-1] INFO  c.e.esp32_robot.service.impl.ReminderServiceImpl - Fetching due reminders
2026-04-17 00:42:09.755 [scheduling-1] INFO  c.e.esp32_robot.service.impl.ReminderServiceImpl - Found 0 due reminders
2026-04-17 00:42:20.564 [http-nio-8080-exec-8] INFO  c.example.esp32_robot.controller.DeviceController - REST request to get online devices
2026-04-17 00:42:20.566 [http-nio-8080-exec-8] INFO  c.e.esp32_robot.service.impl.DeviceServiceImpl - Fetching online devices
2026-04-17 00:42:39.767 [scheduling-1] DEBUG c.example.esp32_robot.scheduler.ReminderScheduler - Checking due reminders...
2026-04-17 00:42:39.768 [scheduling-1] INFO  c.e.esp32_robot.service.impl.ReminderServiceImpl - Fetching due reminders
2026-04-17 00:42:39.770 [scheduling-1] INFO  c.e.esp32_robot.service.impl.ReminderServiceImpl - Found 0 due reminders
2026-04-17 00:43:09.787 [scheduling-1] DEBUG c.example.esp32_robot.scheduler.ReminderScheduler - Checking due reminders...
2026-04-17 00:43:09.788 [scheduling-1] INFO  c.e.esp32_robot.service.impl.ReminderServiceImpl - Fetching due reminders
2026-04-17 00:43:09.790 [scheduling-1] INFO  c.e.esp32_robot.service.impl.ReminderServiceImpl - Found 0 due reminders
2026-04-17 00:43:39.803 [scheduling-1] DEBUG c.example.esp32_robot.scheduler.ReminderScheduler - Checking due reminders...
2026-04-17 00:43:39.805 [scheduling-1] INFO  c.e.esp32_robot.service.impl.ReminderServiceImpl - Fetching due reminders
2026-04-17 00:43:39.807 [scheduling-1] INFO  c.e.esp32_robot.service.impl.ReminderServiceImpl - Found 0 due reminders
2026-04-17 00:44:09.811 [scheduling-1] DEBUG c.example.esp32_robot.scheduler.ReminderScheduler - Checking due reminders...
2026-04-17 00:44:09.812 [scheduling-1] INFO  c.e.esp32_robot.service.impl.ReminderServiceImpl - Fetching due reminders
2026-04-17 00:44:09.816 [scheduling-1] INFO  c.e.esp32_robot.service.impl.ReminderServiceImpl - Found 0 due reminders
2026-04-17 00:44:39.833 [scheduling-1] DEBUG c.example.esp32_robot.scheduler.ReminderScheduler - Checking due reminders...
2026-04-17 00:44:39.835 [scheduling-1] INFO  c.e.esp32_robot.service.impl.ReminderServiceImpl - Fetching due reminders
2026-04-17 00:44:39.837 [scheduling-1] INFO  c.e.esp32_robot.service.impl.ReminderServiceImpl - Found 0 due reminders
2026-04-17 00:45:09.838 [scheduling-1] DEBUG c.example.esp32_robot.scheduler.ReminderScheduler - Checking due reminders...
2026-04-17 00:45:09.839 [scheduling-1] INFO  c.e.esp32_robot.service.impl.ReminderServiceImpl - Fetching due reminders
2026-04-17 00:45:09.842 [scheduling-1] INFO  c.e.esp32_robot.service.impl.ReminderServiceImpl - Found 0 due reminders
2026-04-17 00:45:39.844 [scheduling-1] DEBUG c.example.esp32_robot.scheduler.ReminderScheduler - Checking due reminders...
2026-04-17 00:45:39.845 [scheduling-1] INFO  c.e.esp32_robot.service.impl.ReminderServiceImpl - Fetching due reminders
2026-04-17 00:45:39.847 [scheduling-1] INFO  c.e.esp32_robot.service.impl.ReminderServiceImpl - Found 0 due reminders
2026-04-17 00:46:09.853 [scheduling-1] DEBUG c.example.esp32_robot.scheduler.ReminderScheduler - Checking due reminders...
2026-04-17 00:46:09.854 [scheduling-1] INFO  c.e.esp32_robot.service.impl.ReminderServiceImpl - Fetching due reminders
2026-04-17 00:46:09.857 [scheduling-1] INFO  c.e.esp32_robot.service.impl.ReminderServiceImpl - Found 0 due reminders
2026-04-17 00:46:39.860 [scheduling-1] DEBUG c.example.esp32_robot.scheduler.ReminderScheduler - Checking due reminders...
2026-04-17 00:46:39.862 [scheduling-1] INFO  c.e.esp32_robot.service.impl.ReminderServiceImpl - Fetching due reminders
2026-04-17 00:46:39.865 [scheduling-1] INFO  c.e.esp32_robot.service.impl.ReminderServiceImpl - Found 0 due reminders
2026-04-17 00:47:09.881 [scheduling-1] DEBUG c.example.esp32_robot.scheduler.ReminderScheduler - Checking due reminders...
2026-04-17 00:47:09.882 [scheduling-1] INFO  c.e.esp32_robot.service.impl.ReminderServiceImpl - Fetching due reminders
2026-04-17 00:47:09.885 [scheduling-1] INFO  c.e.esp32_robot.service.impl.ReminderServiceImpl - Found 0 due reminders
2026-04-17 00:47:39.892 [scheduling-1] DEBUG c.example.esp32_robot.scheduler.ReminderScheduler - Checking due reminders...
2026-04-17 00:47:39.893 [scheduling-1] INFO  c.e.esp32_robot.service.impl.ReminderServiceImpl - Fetching due reminders
2026-04-17 00:47:39.896 [scheduling-1] INFO  c.e.esp32_robot.service.impl.ReminderServiceImpl - Found 0 due reminders
2026-04-17 00:48:09.900 [scheduling-1] DEBUG c.example.esp32_robot.scheduler.ReminderScheduler - Checking due reminders...
2026-04-17 00:48:09.901 [scheduling-1] INFO  c.e.esp32_robot.service.impl.ReminderServiceImpl - Fetching due reminders
2026-04-17 00:48:09.902 [scheduling-1] INFO  c.e.esp32_robot.service.impl.ReminderServiceImpl - Found 0 due reminders
2026-04-17 00:48:39.919 [scheduling-1] DEBUG c.example.esp32_robot.scheduler.ReminderScheduler - Checking due reminders...
2026-04-17 00:48:39.921 [scheduling-1] INFO  c.e.esp32_robot.service.impl.ReminderServiceImpl - Fetching due reminders
2026-04-17 00:48:39.925 [scheduling-1] INFO  c.e.esp32_robot.service.impl.ReminderServiceImpl - Found 0 due reminders
2026-04-17 00:49:09.939 [scheduling-1] DEBUG c.example.esp32_robot.scheduler.ReminderScheduler - Checking due reminders...
2026-04-17 00:49:09.940 [scheduling-1] INFO  c.e.esp32_robot.service.impl.ReminderServiceImpl - Fetching due reminders
2026-04-17 00:49:09.942 [scheduling-1] INFO  c.e.esp32_robot.service.impl.ReminderServiceImpl - Found 0 due reminders
2026-04-17 00:49:39.952 [scheduling-1] DEBUG c.example.esp32_robot.scheduler.ReminderScheduler - Checking due reminders...
2026-04-17 00:49:39.953 [scheduling-1] INFO  c.e.esp32_robot.service.impl.ReminderServiceImpl - Fetching due reminders
2026-04-17 00:49:39.956 [scheduling-1] INFO  c.e.esp32_robot.service.impl.ReminderServiceImpl - Found 0 due reminders
2026-04-17 00:50:09.960 [scheduling-1] DEBUG c.example.esp32_robot.scheduler.ReminderScheduler - Checking due reminders...
2026-04-17 00:50:09.961 [scheduling-1] INFO  c.e.esp32_robot.service.impl.ReminderServiceImpl - Fetching due reminders
2026-04-17 00:50:09.964 [scheduling-1] INFO  c.e.esp32_robot.service.impl.ReminderServiceImpl - Found 0 due reminders
2026-04-17 00:50:39.977 [scheduling-1] DEBUG c.example.esp32_robot.scheduler.ReminderScheduler - Checking due reminders...
2026-04-17 00:50:39.977 [scheduling-1] INFO  c.e.esp32_robot.service.impl.ReminderServiceImpl - Fetching due reminders
2026-04-17 00:50:39.977 [scheduling-1] INFO  c.e.esp32_robot.service.impl.ReminderServiceImpl - Found 0 due reminders
2026-04-17 00:51:09.995 [scheduling-1] DEBUG c.example.esp32_robot.scheduler.ReminderScheduler - Checking due reminders...
2026-04-17 00:51:09.996 [scheduling-1] INFO  c.e.esp32_robot.service.impl.ReminderServiceImpl - Fetching due reminders
2026-04-17 00:51:09.999 [scheduling-1] INFO  c.e.esp32_robot.service.impl.ReminderServiceImpl - Found 0 due reminders
2026-04-17 00:51:40.012 [scheduling-1] DEBUG c.example.esp32_robot.scheduler.ReminderScheduler - Checking due reminders...
2026-04-17 00:51:40.016 [scheduling-1] INFO  c.e.esp32_robot.service.impl.ReminderServiceImpl - Fetching due reminders
2026-04-17 00:51:40.022 [scheduling-1] INFO  c.e.esp32_robot.service.impl.ReminderServiceImpl - Found 0 due reminders
2026-04-17 00:52:10.029 [scheduling-1] DEBUG c.example.esp32_robot.scheduler.ReminderScheduler - Checking due reminders...
2026-04-17 00:52:10.030 [scheduling-1] INFO  c.e.esp32_robot.service.impl.ReminderServiceImpl - Fetching due reminders
2026-04-17 00:52:10.032 [scheduling-1] INFO  c.e.esp32_robot.service.impl.ReminderServiceImpl - Found 0 due reminders
2026-04-17 00:52:40.038 [scheduling-1] DEBUG c.example.esp32_robot.scheduler.ReminderScheduler - Checking due reminders...
2026-04-17 00:52:40.039 [scheduling-1] INFO  c.e.esp32_robot.service.impl.ReminderServiceImpl - Fetching due reminders
2026-04-17 00:52:40.041 [scheduling-1] INFO  c.e.esp32_robot.service.impl.ReminderServiceImpl - Found 0 due reminders
2026-04-17 00:53:10.047 [scheduling-1] DEBUG c.example.esp32_robot.scheduler.ReminderScheduler - Checking due reminders...
2026-04-17 00:53:10.048 [scheduling-1] INFO  c.e.esp32_robot.service.impl.ReminderServiceImpl - Fetching due reminders
2026-04-17 00:53:10.050 [scheduling-1] INFO  c.e.esp32_robot.service.impl.ReminderServiceImpl - Found 0 due reminders
2026-04-17 00:53:40.058 [scheduling-1] DEBUG c.example.esp32_robot.scheduler.ReminderScheduler - Checking due reminders...
2026-04-17 00:53:40.058 [scheduling-1] INFO  c.e.esp32_robot.service.impl.ReminderServiceImpl - Fetching due reminders
2026-04-17 00:53:40.062 [scheduling-1] INFO  c.e.esp32_robot.service.impl.ReminderServiceImpl - Found 0 due reminders
2026-04-17 00:54:10.065 [scheduling-1] DEBUG c.example.esp32_robot.scheduler.ReminderScheduler - Checking due reminders...
2026-04-17 00:54:10.066 [scheduling-1] INFO  c.e.esp32_robot.service.impl.ReminderServiceImpl - Fetching due reminders
2026-04-17 00:54:10.068 [scheduling-1] INFO  c.e.esp32_robot.service.impl.ReminderServiceImpl - Found 0 due reminders
2026-04-17 00:54:15.719 [SpringApplicationShutdownHook] INFO  o.s.orm.jpa.LocalContainerEntityManagerFactoryBean - Closing JPA EntityManagerFactory for persistence unit 'default'
2026-04-17 00:54:15.727 [SpringApplicationShutdownHook] INFO  com.zaxxer.hikari.HikariDataSource - HikariPool-1 - Shutdown initiated...
2026-04-17 00:54:15.744 [SpringApplicationShutdownHook] INFO  com.zaxxer.hikari.HikariDataSource - HikariPool-1 - Shutdown completed.
2026-04-17 00:54:55.472 [restartedMain] INFO  com.example.esp32_robot.Esp32RobotApplication - Starting Esp32RobotApplication using Java 17.0.17 with PID 27344 (E:\esp32-robot\esp32-backend\target\classes started by 27863 in E:\esp32-robot\esp32-backend)
2026-04-17 00:54:55.474 [restartedMain] DEBUG com.example.esp32_robot.Esp32RobotApplication - Running with Spring Boot v3.2.5, Spring v6.1.6
2026-04-17 00:54:55.475 [restartedMain] INFO  com.example.esp32_robot.Esp32RobotApplication - No active profile set, falling back to 1 default profile: "default"
2026-04-17 00:54:55.541 [restartedMain] INFO  o.s.b.d.env.DevToolsPropertyDefaultsPostProcessor - Devtools property defaults active! Set 'spring.devtools.add-properties' to 'false' to disable
2026-04-17 00:54:55.542 [restartedMain] INFO  o.s.b.d.env.DevToolsPropertyDefaultsPostProcessor - For additional web related logging consider setting the 'logging.level.web' property to 'DEBUG'
2026-04-17 00:54:56.647 [restartedMain] INFO  o.s.d.r.config.RepositoryConfigurationDelegate - Bootstrapping Spring Data JPA repositories in DEFAULT mode.
2026-04-17 00:54:56.741 [restartedMain] INFO  o.s.d.r.config.RepositoryConfigurationDelegate - Finished Spring Data repository scanning in 85 ms. Found 8 JPA repository interfaces.
2026-04-17 00:54:57.844 [restartedMain] INFO  o.s.boot.web.embedded.tomcat.TomcatWebServer - Tomcat initialized with port 8080 (http)
2026-04-17 00:54:57.867 [restartedMain] INFO  org.apache.coyote.http11.Http11NioProtocol - Initializing ProtocolHandler ["http-nio-8080"]
2026-04-17 00:54:57.871 [restartedMain] INFO  org.apache.catalina.core.StandardService - Starting service [Tomcat]
2026-04-17 00:54:57.872 [restartedMain] INFO  org.apache.catalina.core.StandardEngine - Starting Servlet engine: [Apache Tomcat/10.1.20]
2026-04-17 00:54:57.993 [restartedMain] INFO  o.a.c.core.ContainerBase.[Tomcat].[localhost].[/] - Initializing Spring embedded WebApplicationContext
2026-04-17 00:54:57.994 [restartedMain] INFO  o.s.b.w.s.c.ServletWebServerApplicationContext - Root WebApplicationContext: initialization completed in 2451 ms
2026-04-17 00:54:58.885 [restartedMain] INFO  o.s.o.j.persistenceunit.SpringPersistenceUnitInfo - No LoadTimeWeaver setup: ignoring JPA class transformer
2026-04-17 00:54:58.918 [restartedMain] INFO  com.zaxxer.hikari.HikariDataSource - HikariPool-1 - Starting...
2026-04-17 00:54:59.059 [restartedMain] INFO  com.zaxxer.hikari.pool.HikariPool - HikariPool-1 - Added connection com.mysql.cj.jdbc.ConnectionImpl@5a3b0ae9
2026-04-17 00:54:59.060 [restartedMain] INFO  com.zaxxer.hikari.HikariDataSource - HikariPool-1 - Start completed.
2026-04-17 00:54:59.098 [restartedMain] WARN  org.hibernate.orm.deprecation - HHH90000025: MySQL8Dialect does not need to be specified explicitly using 'hibernate.dialect' (remove the property setting and it will be selected by default)
2026-04-17 00:54:59.098 [restartedMain] WARN  org.hibernate.orm.deprecation - HHH90000026: MySQL8Dialect has been deprecated; use org.hibernate.dialect.MySQLDialect instead
2026-04-17 00:55:00.409 [restartedMain] INFO  o.s.orm.jpa.LocalContainerEntityManagerFactoryBean - Initialized JPA EntityManagerFactory for persistence unit 'default'
2026-04-17 00:55:00.735 [restartedMain] INFO  o.s.data.jpa.repository.query.QueryEnhancerFactory - Hibernate is in classpath; If applicable, HQL parser will be used.
2026-04-17 00:55:03.160 [restartedMain] INFO  o.s.security.web.DefaultSecurityFilterChain - Will secure any request with [org.springframework.security.web.session.DisableEncodeUrlFilter@5954ec58, org.springframework.security.web.context.request.async.WebAsyncManagerIntegrationFilter@6769f0ce, org.springframework.security.web.context.SecurityContextHolderFilter@7dc035f0, org.springframework.security.web.header.HeaderWriterFilter@411990cb, org.springframework.web.filter.CorsFilter@a3b6caa, org.springframework.security.web.authentication.logout.LogoutFilter@37f04f, org.springframework.security.web.savedrequest.RequestCacheAwareFilter@2d27d8cd, org.springframework.security.web.servletapi.SecurityContextHolderAwareRequestFilter@143b6b22, org.springframework.security.web.authentication.AnonymousAuthenticationFilter@e628592, org.springframework.security.web.access.ExceptionTranslationFilter@7858b5cc, org.springframework.security.web.access.intercept.AuthorizationFilter@826c4b8]
2026-04-17 00:55:03.748 [restartedMain] INFO  o.s.b.d.autoconfigure.OptionalLiveReloadServer - LiveReload server is running on port 35729
2026-04-17 00:55:03.762 [restartedMain] INFO  org.apache.coyote.http11.Http11NioProtocol - Starting ProtocolHandler ["http-nio-8080"]
2026-04-17 00:55:03.803 [restartedMain] INFO  o.s.boot.web.embedded.tomcat.TomcatWebServer - Tomcat started on port 8080 (http) with context path ''
2026-04-17 00:55:03.817 [restartedMain] INFO  com.example.esp32_robot.Esp32RobotApplication - Started Esp32RobotApplication in 8.973 seconds (process running for 9.673)
2026-04-17 00:55:03.821 [scheduling-1] DEBUG c.example.esp32_robot.scheduler.ReminderScheduler - Checking due reminders...
2026-04-17 00:55:03.833 [scheduling-1] INFO  c.e.esp32_robot.service.impl.ReminderServiceImpl - Fetching due reminders
2026-04-17 00:55:03.900 [scheduling-1] INFO  c.e.esp32_robot.service.impl.ReminderServiceImpl - Found 0 due reminders
2026-04-17 00:55:33.905 [scheduling-1] DEBUG c.example.esp32_robot.scheduler.ReminderScheduler - Checking due reminders...
2026-04-17 00:55:33.906 [scheduling-1] INFO  c.e.esp32_robot.service.impl.ReminderServiceImpl - Fetching due reminders
2026-04-17 00:55:33.909 [scheduling-1] INFO  c.e.esp32_robot.service.impl.ReminderServiceImpl - Found 0 due reminders
2026-04-17 00:55:46.828 [http-nio-8080-exec-1] INFO  o.a.c.core.ContainerBase.[Tomcat].[localhost].[/] - Initializing Spring DispatcherServlet 'dispatcherServlet'
2026-04-17 00:55:46.829 [http-nio-8080-exec-1] INFO  org.springframework.web.servlet.DispatcherServlet - Initializing Servlet 'dispatcherServlet'
2026-04-17 00:55:46.831 [http-nio-8080-exec-1] INFO  org.springframework.web.servlet.DispatcherServlet - Completed initialization in 2 ms
2026-04-17 00:55:46.933 [http-nio-8080-exec-1] INFO  com.example.esp32_robot.controller.UserController - REST request to login: admin
2026-04-17 00:55:46.934 [http-nio-8080-exec-1] INFO  c.example.esp32_robot.service.impl.UserServiceImpl - User login attempt: admin
2026-04-17 00:55:46.959 [http-nio-8080-exec-1] ERROR o.a.c.c.C.[.[localhost].[/].[dispatcherServlet] - Servlet.service() for servlet [dispatcherServlet] in context with path [] threw exception [Request processing failed: com.example.esp32_robot.exception.UnauthorizedException: Invalid username or password] with root cause
com.example.esp32_robot.exception.UnauthorizedException: Invalid username or password
	at com.example.esp32_robot.service.impl.UserServiceImpl.lambda$login$15(UserServiceImpl.java:217)
	at java.base/java.util.Optional.orElseThrow(Optional.java:403)
	at com.example.esp32_robot.service.impl.UserServiceImpl.login(UserServiceImpl.java:217)
	at java.base/jdk.internal.reflect.NativeMethodAccessorImpl.invoke0(Native Method)
	at java.base/jdk.internal.reflect.NativeMethodAccessorImpl.invoke(NativeMethodAccessorImpl.java:77)
	at java.base/jdk.internal.reflect.DelegatingMethodAccessorImpl.invoke(DelegatingMethodAccessorImpl.java:43)
	at java.base/java.lang.reflect.Method.invoke(Method.java:569)
	at org.springframework.aop.support.AopUtils.invokeJoinpointUsingReflection(AopUtils.java:354)
	at org.springframework.aop.framework.ReflectiveMethodInvocation.invokeJoinpoint(ReflectiveMethodInvocation.java:196)
	at org.springframework.aop.framework.ReflectiveMethodInvocation.proceed(ReflectiveMethodInvocation.java:163)
	at org.springframework.aop.framework.CglibAopProxy$CglibMethodInvocation.proceed(CglibAopProxy.java:768)
	at org.springframework.transaction.interceptor.TransactionInterceptor$1.proceedWithInvocation(TransactionInterceptor.java:123)
	at org.springframework.transaction.interceptor.TransactionAspectSupport.invokeWithinTransaction(TransactionAspectSupport.java:392)
	at org.springframework.transaction.interceptor.TransactionInterceptor.invoke(TransactionInterceptor.java:119)
	at org.springframework.aop.framework.ReflectiveMethodInvocation.proceed(ReflectiveMethodInvocation.java:184)
	at org.springframework.aop.framework.CglibAopProxy$CglibMethodInvocation.proceed(CglibAopProxy.java:768)
	at org.springframework.aop.framework.CglibAopProxy$DynamicAdvisedInterceptor.intercept(CglibAopProxy.java:720)
	at com.example.esp32_robot.service.impl.UserServiceImpl$$SpringCGLIB$$0.login(<generated>)
	at com.example.esp32_robot.controller.UserController.login(UserController.java:39)
	at java.base/jdk.internal.reflect.NativeMethodAccessorImpl.invoke0(Native Method)
	at java.base/jdk.internal.reflect.NativeMethodAccessorImpl.invoke(NativeMethodAccessorImpl.java:77)
	at java.base/jdk.internal.reflect.DelegatingMethodAccessorImpl.invoke(DelegatingMethodAccessorImpl.java:43)
	at java.base/java.lang.reflect.Method.invoke(Method.java:569)
	at org.springframework.web.method.support.InvocableHandlerMethod.doInvoke(InvocableHandlerMethod.java:255)
	at org.springframework.web.method.support.InvocableHandlerMethod.invokeForRequest(InvocableHandlerMethod.java:188)
	at org.springframework.web.servlet.mvc.method.annotation.ServletInvocableHandlerMethod.invokeAndHandle(ServletInvocableHandlerMethod.java:118)
	at org.springframework.web.servlet.mvc.method.annotation.RequestMappingHandlerAdapter.invokeHandlerMethod(RequestMappingHandlerAdapter.java:926)
	at org.springframework.web.servlet.mvc.method.annotation.RequestMappingHandlerAdapter.handleInternal(RequestMappingHandlerAdapter.java:831)
	at org.springframework.web.servlet.mvc.method.AbstractHandlerMethodAdapter.handle(AbstractHandlerMethodAdapter.java:87)
	at org.springframework.web.servlet.DispatcherServlet.doDispatch(DispatcherServlet.java:1089)
	at org.springframework.web.servlet.DispatcherServlet.doService(DispatcherServlet.java:979)
	at org.springframework.web.servlet.FrameworkServlet.processRequest(FrameworkServlet.java:1014)
	at org.springframework.web.servlet.FrameworkServlet.doPost(FrameworkServlet.java:914)
	at jakarta.servlet.http.HttpServlet.service(HttpServlet.java:590)
	at org.springframework.web.servlet.FrameworkServlet.service(FrameworkServlet.java:885)
	at jakarta.servlet.http.HttpServlet.service(HttpServlet.java:658)
	at org.apache.catalina.core.ApplicationFilterChain.internalDoFilter(ApplicationFilterChain.java:206)
	at org.apache.catalina.core.ApplicationFilterChain.doFilter(ApplicationFilterChain.java:150)
	at org.apache.tomcat.websocket.server.WsFilter.doFilter(WsFilter.java:51)
	at org.apache.catalina.core.ApplicationFilterChain.internalDoFilter(ApplicationFilterChain.java:175)
	at org.apache.catalina.core.ApplicationFilterChain.doFilter(ApplicationFilterChain.java:150)
	at org.springframework.web.filter.CompositeFilter$VirtualFilterChain.doFilter(CompositeFilter.java:108)
	at org.springframework.security.web.FilterChainProxy.lambda$doFilterInternal$3(FilterChainProxy.java:231)
	at org.springframework.security.web.FilterChainProxy$VirtualFilterChain.doFilter(FilterChainProxy.java:365)
	at org.springframework.security.web.access.intercept.AuthorizationFilter.doFilter(AuthorizationFilter.java:100)
	at org.springframework.security.web.FilterChainProxy$VirtualFilterChain.doFilter(FilterChainProxy.java:374)
	at org.springframework.security.web.access.ExceptionTranslationFilter.doFilter(ExceptionTranslationFilter.java:126)
	at org.springframework.security.web.access.ExceptionTranslationFilter.doFilter(ExceptionTranslationFilter.java:120)
	at org.springframework.security.web.FilterChainProxy$VirtualFilterChain.doFilter(FilterChainProxy.java:374)
	at org.springframework.security.web.authentication.AnonymousAuthenticationFilter.doFilter(AnonymousAuthenticationFilter.java:100)
	at org.springframework.security.web.FilterChainProxy$VirtualFilterChain.doFilter(FilterChainProxy.java:374)
	at org.springframework.security.web.servletapi.SecurityContextHolderAwareRequestFilter.doFilter(SecurityContextHolderAwareRequestFilter.java:179)
	at org.springframework.security.web.FilterChainProxy$VirtualFilterChain.doFilter(FilterChainProxy.java:374)
	at org.springframework.security.web.savedrequest.RequestCacheAwareFilter.doFilter(RequestCacheAwareFilter.java:63)
	at org.springframework.security.web.FilterChainProxy$VirtualFilterChain.doFilter(FilterChainProxy.java:374)
	at org.springframework.security.web.authentication.logout.LogoutFilter.doFilter(LogoutFilter.java:107)
	at org.springframework.security.web.authentication.logout.LogoutFilter.doFilter(LogoutFilter.java:93)
	at org.springframework.security.web.FilterChainProxy$VirtualFilterChain.doFilter(FilterChainProxy.java:374)
	at org.springframework.web.filter.CorsFilter.doFilterInternal(CorsFilter.java:91)
	at org.springframework.web.filter.OncePerRequestFilter.doFilter(OncePerRequestFilter.java:116)
	at org.springframework.security.web.FilterChainProxy$VirtualFilterChain.doFilter(FilterChainProxy.java:374)
	at org.springframework.security.web.header.HeaderWriterFilter.doHeadersAfter(HeaderWriterFilter.java:90)
	at org.springframework.security.web.header.HeaderWriterFilter.doFilterInternal(HeaderWriterFilter.java:75)
	at org.springframework.web.filter.OncePerRequestFilter.doFilter(OncePerRequestFilter.java:116)
	at org.springframework.security.web.FilterChainProxy$VirtualFilterChain.doFilter(FilterChainProxy.java:374)
	at org.springframework.security.web.context.SecurityContextHolderFilter.doFilter(SecurityContextHolderFilter.java:82)
	at org.springframework.security.web.context.SecurityContextHolderFilter.doFilter(SecurityContextHolderFilter.java:69)
	at org.springframework.security.web.FilterChainProxy$VirtualFilterChain.doFilter(FilterChainProxy.java:374)
	at org.springframework.security.web.context.request.async.WebAsyncManagerIntegrationFilter.doFilterInternal(WebAsyncManagerIntegrationFilter.java:62)
	at org.springframework.web.filter.OncePerRequestFilter.doFilter(OncePerRequestFilter.java:116)
	at org.springframework.security.web.FilterChainProxy$VirtualFilterChain.doFilter(FilterChainProxy.java:374)
	at org.springframework.security.web.session.DisableEncodeUrlFilter.doFilterInternal(DisableEncodeUrlFilter.java:42)
	at org.springframework.web.filter.OncePerRequestFilter.doFilter(OncePerRequestFilter.java:116)
	at org.springframework.security.web.FilterChainProxy$VirtualFilterChain.doFilter(FilterChainProxy.java:374)
	at org.springframework.security.web.FilterChainProxy.doFilterInternal(FilterChainProxy.java:233)
	at org.springframework.security.web.FilterChainProxy.doFilter(FilterChainProxy.java:191)
	at org.springframework.web.filter.CompositeFilter$VirtualFilterChain.doFilter(CompositeFilter.java:113)
	at org.springframework.web.servlet.handler.HandlerMappingIntrospector.lambda$createCacheFilter$3(HandlerMappingIntrospector.java:195)
	at org.springframework.web.filter.CompositeFilter$VirtualFilterChain.doFilter(CompositeFilter.java:113)
	at org.springframework.web.filter.CompositeFilter.doFilter(CompositeFilter.java:74)
	at org.springframework.security.config.annotation.web.configuration.WebMvcSecurityConfiguration$CompositeFilterChainProxy.doFilter(WebMvcSecurityConfiguration.java:230)
	at org.springframework.web.filter.DelegatingFilterProxy.invokeDelegate(DelegatingFilterProxy.java:352)
	at org.springframework.web.filter.DelegatingFilterProxy.doFilter(DelegatingFilterProxy.java:268)
	at org.apache.catalina.core.ApplicationFilterChain.internalDoFilter(ApplicationFilterChain.java:175)
	at org.apache.catalina.core.ApplicationFilterChain.doFilter(ApplicationFilterChain.java:150)
	at org.springframework.web.filter.RequestContextFilter.doFilterInternal(RequestContextFilter.java:100)
	at org.springframework.web.filter.OncePerRequestFilter.doFilter(OncePerRequestFilter.java:116)
	at org.apache.catalina.core.ApplicationFilterChain.internalDoFilter(ApplicationFilterChain.java:175)
	at org.apache.catalina.core.ApplicationFilterChain.doFilter(ApplicationFilterChain.java:150)
	at org.springframework.web.filter.FormContentFilter.doFilterInternal(FormContentFilter.java:93)
	at org.springframework.web.filter.OncePerRequestFilter.doFilter(OncePerRequestFilter.java:116)
	at org.apache.catalina.core.ApplicationFilterChain.internalDoFilter(ApplicationFilterChain.java:175)
	at org.apache.catalina.core.ApplicationFilterChain.doFilter(ApplicationFilterChain.java:150)
	at org.springframework.web.filter.CharacterEncodingFilter.doFilterInternal(CharacterEncodingFilter.java:201)
	at org.springframework.web.filter.OncePerRequestFilter.doFilter(OncePerRequestFilter.java:116)
	at org.apache.catalina.core.ApplicationFilterChain.internalDoFilter(ApplicationFilterChain.java:175)
	at org.apache.catalina.core.ApplicationFilterChain.doFilter(ApplicationFilterChain.java:150)
	at org.apache.catalina.core.StandardWrapperValve.invoke(StandardWrapperValve.java:167)
	at org.apache.catalina.core.StandardContextValve.invoke(StandardContextValve.java:90)
	at org.apache.catalina.authenticator.AuthenticatorBase.invoke(AuthenticatorBase.java:482)
	at org.apache.catalina.core.StandardHostValve.invoke(StandardHostValve.java:115)
	at org.apache.catalina.valves.ErrorReportValve.invoke(ErrorReportValve.java:93)
	at org.apache.catalina.core.StandardEngineValve.invoke(StandardEngineValve.java:74)
	at org.apache.catalina.connector.CoyoteAdapter.service(CoyoteAdapter.java:344)
	at org.apache.coyote.http11.Http11Processor.service(Http11Processor.java:391)
	at org.apache.coyote.AbstractProcessorLight.process(AbstractProcessorLight.java:63)
	at org.apache.coyote.AbstractProtocol$ConnectionHandler.process(AbstractProtocol.java:896)
	at org.apache.tomcat.util.net.NioEndpoint$SocketProcessor.doRun(NioEndpoint.java:1736)
	at org.apache.tomcat.util.net.SocketProcessorBase.run(SocketProcessorBase.java:52)
	at org.apache.tomcat.util.threads.ThreadPoolExecutor.runWorker(ThreadPoolExecutor.java:1191)
	at org.apache.tomcat.util.threads.ThreadPoolExecutor$Worker.run(ThreadPoolExecutor.java:659)
	at org.apache.tomcat.util.threads.TaskThread$WrappingRunnable.run(TaskThread.java:63)
	at java.base/java.lang.Thread.run(Thread.java:840)
2026-04-17 00:56:03.920 [scheduling-1] DEBUG c.example.esp32_robot.scheduler.ReminderScheduler - Checking due reminders...
2026-04-17 00:56:03.922 [scheduling-1] INFO  c.e.esp32_robot.service.impl.ReminderServiceImpl - Fetching due reminders
2026-04-17 00:56:03.927 [scheduling-1] INFO  c.e.esp32_robot.service.impl.ReminderServiceImpl - Found 0 due reminders
2026-04-17 00:56:31.244 [http-nio-8080-exec-2] INFO  com.example.esp32_robot.controller.UserController - REST request to login: admin
2026-04-17 00:56:31.245 [http-nio-8080-exec-2] INFO  c.example.esp32_robot.service.impl.UserServiceImpl - User login attempt: admin
2026-04-17 00:56:33.943 [scheduling-1] DEBUG c.example.esp32_robot.scheduler.ReminderScheduler - Checking due reminders...
2026-04-17 00:56:33.944 [scheduling-1] INFO  c.e.esp32_robot.service.impl.ReminderServiceImpl - Fetching due reminders
2026-04-17 00:56:33.950 [scheduling-1] INFO  c.e.esp32_robot.service.impl.ReminderServiceImpl - Found 0 due reminders
2026-04-17 00:57:03.953 [scheduling-1] DEBUG c.example.esp32_robot.scheduler.ReminderScheduler - Checking due reminders...
2026-04-17 00:57:03.955 [scheduling-1] INFO  c.e.esp32_robot.service.impl.ReminderServiceImpl - Fetching due reminders
2026-04-17 00:57:03.959 [scheduling-1] INFO  c.e.esp32_robot.service.impl.ReminderServiceImpl - Found 0 due reminders
2026-04-17 00:57:33.967 [scheduling-1] DEBUG c.example.esp32_robot.scheduler.ReminderScheduler - Checking due reminders...
2026-04-17 00:57:33.968 [scheduling-1] INFO  c.e.esp32_robot.service.impl.ReminderServiceImpl - Fetching due reminders
2026-04-17 00:57:33.972 [scheduling-1] INFO  c.e.esp32_robot.service.impl.ReminderServiceImpl - Found 0 due reminders
2026-04-17 00:58:03.974 [scheduling-1] DEBUG c.example.esp32_robot.scheduler.ReminderScheduler - Checking due reminders...
2026-04-17 00:58:03.976 [scheduling-1] INFO  c.e.esp32_robot.service.impl.ReminderServiceImpl - Fetching due reminders
2026-04-17 00:58:03.979 [scheduling-1] INFO  c.e.esp32_robot.service.impl.ReminderServiceImpl - Found 0 due reminders
2026-04-17 00:58:33.988 [scheduling-1] DEBUG c.example.esp32_robot.scheduler.ReminderScheduler - Checking due reminders...
2026-04-17 00:58:33.990 [scheduling-1] INFO  c.e.esp32_robot.service.impl.ReminderServiceImpl - Fetching due reminders
2026-04-17 00:58:33.993 [scheduling-1] INFO  c.e.esp32_robot.service.impl.ReminderServiceImpl - Found 0 due reminders
2026-04-17 00:59:04.002 [scheduling-1] DEBUG c.example.esp32_robot.scheduler.ReminderScheduler - Checking due reminders...
2026-04-17 00:59:04.003 [scheduling-1] INFO  c.e.esp32_robot.service.impl.ReminderServiceImpl - Fetching due reminders
2026-04-17 00:59:04.007 [scheduling-1] INFO  c.e.esp32_robot.service.impl.ReminderServiceImpl - Found 0 due reminders
2026-04-17 00:59:34.017 [scheduling-1] DEBUG c.example.esp32_robot.scheduler.ReminderScheduler - Checking due reminders...
2026-04-17 00:59:34.018 [scheduling-1] INFO  c.e.esp32_robot.service.impl.ReminderServiceImpl - Fetching due reminders
2026-04-17 00:59:34.021 [scheduling-1] INFO  c.e.esp32_robot.service.impl.ReminderServiceImpl - Found 0 due reminders
2026-04-17 01:00:00.014 [scheduling-1] INFO  c.e.esp32_robot.service.impl.ReportServiceImpl - Running scheduled daily health report generation
2026-04-17 01:00:00.026 [scheduling-1] INFO  c.e.esp32_robot.service.impl.ReportServiceImpl - Generated 0 daily health reports
2026-04-17 01:00:02.805 [SpringApplicationShutdownHook] INFO  o.s.orm.jpa.LocalContainerEntityManagerFactoryBean - Closing JPA EntityManagerFactory for persistence unit 'default'
2026-04-17 01:00:02.814 [SpringApplicationShutdownHook] INFO  com.zaxxer.hikari.HikariDataSource - HikariPool-1 - Shutdown initiated...
2026-04-17 01:00:02.831 [SpringApplicationShutdownHook] INFO  com.zaxxer.hikari.HikariDataSource - HikariPool-1 - Shutdown completed.
2026-04-17 01:00:26.224 [restartedMain] INFO  com.example.esp32_robot.Esp32RobotApplication - Starting Esp32RobotApplication using Java 17.0.17 with PID 2336 (E:\esp32-robot\esp32-backend\target\classes started by 27863 in E:\esp32-robot\esp32-backend)
2026-04-17 01:00:26.225 [restartedMain] DEBUG com.example.esp32_robot.Esp32RobotApplication - Running with Spring Boot v3.2.5, Spring v6.1.6
2026-04-17 01:00:26.226 [restartedMain] INFO  com.example.esp32_robot.Esp32RobotApplication - No active profile set, falling back to 1 default profile: "default"
2026-04-17 01:00:26.285 [restartedMain] INFO  o.s.b.d.env.DevToolsPropertyDefaultsPostProcessor - Devtools property defaults active! Set 'spring.devtools.add-properties' to 'false' to disable
2026-04-17 01:00:26.285 [restartedMain] INFO  o.s.b.d.env.DevToolsPropertyDefaultsPostProcessor - For additional web related logging consider setting the 'logging.level.web' property to 'DEBUG'
2026-04-17 01:00:27.429 [restartedMain] INFO  o.s.d.r.config.RepositoryConfigurationDelegate - Bootstrapping Spring Data JPA repositories in DEFAULT mode.
2026-04-17 01:00:27.519 [restartedMain] INFO  o.s.d.r.config.RepositoryConfigurationDelegate - Finished Spring Data repository scanning in 82 ms. Found 8 JPA repository interfaces.
2026-04-17 01:00:28.614 [restartedMain] INFO  o.s.boot.web.embedded.tomcat.TomcatWebServer - Tomcat initialized with port 8080 (http)
2026-04-17 01:00:28.782 [restartedMain] INFO  o.s.b.w.s.c.ServletWebServerApplicationContext - Root WebApplicationContext: initialization completed in 2494 ms
2026-04-17 01:00:29.669 [restartedMain] INFO  o.s.o.j.persistenceunit.SpringPersistenceUnitInfo - No LoadTimeWeaver setup: ignoring JPA class transformer
2026-04-17 01:00:29.733 [restartedMain] INFO  com.zaxxer.hikari.HikariDataSource - HikariPool-1 - Starting...
2026-04-17 01:00:29.874 [restartedMain] INFO  com.zaxxer.hikari.pool.HikariPool - HikariPool-1 - Added connection com.mysql.cj.jdbc.ConnectionImpl@1cfe4e75
2026-04-17 01:00:29.876 [restartedMain] INFO  com.zaxxer.hikari.HikariDataSource - HikariPool-1 - Start completed.
2026-04-17 01:00:29.907 [restartedMain] WARN  org.hibernate.orm.deprecation - HHH90000025: MySQL8Dialect does not need to be specified explicitly using 'hibernate.dialect' (remove the property setting and it will be selected by default)
2026-04-17 01:00:29.908 [restartedMain] WARN  org.hibernate.orm.deprecation - HHH90000026: MySQL8Dialect has been deprecated; use org.hibernate.dialect.MySQLDialect instead
2026-04-17 01:00:32.697 [restartedMain] INFO  o.s.orm.jpa.LocalContainerEntityManagerFactoryBean - Initialized JPA EntityManagerFactory for persistence unit 'default'
2026-04-17 01:00:33.014 [restartedMain] INFO  o.s.data.jpa.repository.query.QueryEnhancerFactory - Hibernate is in classpath; If applicable, HQL parser will be used.
2026-04-17 01:00:35.880 [restartedMain] INFO  o.s.security.web.DefaultSecurityFilterChain - Will secure any request with [org.springframework.security.web.session.DisableEncodeUrlFilter@1e05ab55, org.springframework.security.web.context.request.async.WebAsyncManagerIntegrationFilter@2997319a, org.springframework.security.web.context.SecurityContextHolderFilter@4340b79d, org.springframework.security.web.header.HeaderWriterFilter@33cab5d1, org.springframework.web.filter.CorsFilter@761a57e, org.springframework.security.web.authentication.logout.LogoutFilter@4f5d17b0, org.springframework.security.web.savedrequest.RequestCacheAwareFilter@781b0858, org.springframework.security.web.servletapi.SecurityContextHolderAwareRequestFilter@3de960a3, org.springframework.security.web.authentication.AnonymousAuthenticationFilter@1cada53f, org.springframework.security.web.access.ExceptionTranslationFilter@220105ac, org.springframework.security.web.access.intercept.AuthorizationFilter@360024b3]
2026-04-17 01:00:36.456 [restartedMain] INFO  o.s.b.d.autoconfigure.OptionalLiveReloadServer - LiveReload server is running on port 35729
2026-04-17 01:00:36.548 [restartedMain] INFO  o.s.boot.web.embedded.tomcat.TomcatWebServer - Tomcat started on port 8080 (http) with context path ''
2026-04-17 01:00:36.576 [restartedMain] INFO  com.example.esp32_robot.Esp32RobotApplication - Started Esp32RobotApplication in 10.977 seconds (process running for 11.597)
2026-04-17 01:00:36.605 [scheduling-1] DEBUG c.example.esp32_robot.scheduler.ReminderScheduler - Checking due reminders...
2026-04-17 01:00:36.624 [scheduling-1] INFO  c.e.esp32_robot.service.impl.ReminderServiceImpl - Fetching due reminders
2026-04-17 01:00:36.751 [scheduling-1] INFO  c.e.esp32_robot.service.impl.ReminderServiceImpl - Found 0 due reminders
2026-04-17 01:00:36.778 [SpringApplicationShutdownHook] INFO  o.s.orm.jpa.LocalContainerEntityManagerFactoryBean - Closing JPA EntityManagerFactory for persistence unit 'default'
2026-04-17 01:00:36.783 [SpringApplicationShutdownHook] INFO  com.zaxxer.hikari.HikariDataSource - HikariPool-1 - Shutdown initiated...
2026-04-17 01:00:36.796 [SpringApplicationShutdownHook] INFO  com.zaxxer.hikari.HikariDataSource - HikariPool-1 - Shutdown completed.
2026-04-17 01:00:52.121 [restartedMain] INFO  com.example.esp32_robot.Esp32RobotApplication - Starting Esp32RobotApplication using Java 17.0.17 with PID 27780 (E:\esp32-robot\esp32-backend\target\classes started by 27863 in E:\esp32-robot\esp32-backend)
2026-04-17 01:00:52.123 [restartedMain] DEBUG com.example.esp32_robot.Esp32RobotApplication - Running with Spring Boot v3.2.5, Spring v6.1.6
2026-04-17 01:00:52.124 [restartedMain] INFO  com.example.esp32_robot.Esp32RobotApplication - No active profile set, falling back to 1 default profile: "default"
2026-04-17 01:00:52.177 [restartedMain] INFO  o.s.b.d.env.DevToolsPropertyDefaultsPostProcessor - Devtools property defaults active! Set 'spring.devtools.add-properties' to 'false' to disable
2026-04-17 01:00:52.177 [restartedMain] INFO  o.s.b.d.env.DevToolsPropertyDefaultsPostProcessor - For additional web related logging consider setting the 'logging.level.web' property to 'DEBUG'
2026-04-17 01:00:53.142 [restartedMain] INFO  o.s.d.r.config.RepositoryConfigurationDelegate - Bootstrapping Spring Data JPA repositories in DEFAULT mode.
2026-04-17 01:00:53.231 [restartedMain] INFO  o.s.d.r.config.RepositoryConfigurationDelegate - Finished Spring Data repository scanning in 81 ms. Found 8 JPA repository interfaces.
2026-04-17 01:00:54.331 [restartedMain] INFO  o.s.boot.web.embedded.tomcat.TomcatWebServer - Tomcat initialized with port 8080 (http)
2026-04-17 01:00:54.347 [restartedMain] INFO  org.apache.coyote.http11.Http11NioProtocol - Initializing ProtocolHandler ["http-nio-8080"]
2026-04-17 01:00:54.351 [restartedMain] INFO  org.apache.catalina.core.StandardService - Starting service [Tomcat]
2026-04-17 01:00:54.352 [restartedMain] INFO  org.apache.catalina.core.StandardEngine - Starting Servlet engine: [Apache Tomcat/10.1.20]
2026-04-17 01:00:54.511 [restartedMain] INFO  o.a.c.core.ContainerBase.[Tomcat].[localhost].[/] - Initializing Spring embedded WebApplicationContext
2026-04-17 01:00:54.513 [restartedMain] INFO  o.s.b.w.s.c.ServletWebServerApplicationContext - Root WebApplicationContext: initialization completed in 2334 ms
2026-04-17 01:00:55.539 [restartedMain] INFO  o.s.o.j.persistenceunit.SpringPersistenceUnitInfo - No LoadTimeWeaver setup: ignoring JPA class transformer
2026-04-17 01:00:55.604 [restartedMain] INFO  com.zaxxer.hikari.HikariDataSource - HikariPool-1 - Starting...
2026-04-17 01:00:55.756 [restartedMain] INFO  com.zaxxer.hikari.pool.HikariPool - HikariPool-1 - Added connection com.mysql.cj.jdbc.ConnectionImpl@5731b8f2
2026-04-17 01:00:55.757 [restartedMain] INFO  com.zaxxer.hikari.HikariDataSource - HikariPool-1 - Start completed.
2026-04-17 01:00:55.791 [restartedMain] WARN  org.hibernate.orm.deprecation - HHH90000025: MySQL8Dialect does not need to be specified explicitly using 'hibernate.dialect' (remove the property setting and it will be selected by default)
2026-04-17 01:00:55.793 [restartedMain] WARN  org.hibernate.orm.deprecation - HHH90000026: MySQL8Dialect has been deprecated; use org.hibernate.dialect.MySQLDialect instead
2026-04-17 01:00:57.129 [restartedMain] INFO  o.s.orm.jpa.LocalContainerEntityManagerFactoryBean - Initialized JPA EntityManagerFactory for persistence unit 'default'
2026-04-17 01:00:57.556 [restartedMain] INFO  o.s.data.jpa.repository.query.QueryEnhancerFactory - Hibernate is in classpath; If applicable, HQL parser will be used.
2026-04-17 01:01:00.352 [restartedMain] INFO  o.s.security.web.DefaultSecurityFilterChain - Will secure any request with [org.springframework.security.web.session.DisableEncodeUrlFilter@49931781, org.springframework.security.web.context.request.async.WebAsyncManagerIntegrationFilter@69ea8f23, org.springframework.security.web.context.SecurityContextHolderFilter@451b6cb2, org.springframework.security.web.header.HeaderWriterFilter@479233e5, org.springframework.web.filter.CorsFilter@1f7016c5, org.springframework.security.web.authentication.logout.LogoutFilter@53ba0434, org.springframework.security.web.savedrequest.RequestCacheAwareFilter@4f712d0f, org.springframework.security.web.servletapi.SecurityContextHolderAwareRequestFilter@310f9861, org.springframework.security.web.authentication.AnonymousAuthenticationFilter@7ae0c4d3, org.springframework.security.web.access.ExceptionTranslationFilter@152f4930, org.springframework.security.web.access.intercept.AuthorizationFilter@781b0858]
2026-04-17 01:01:01.010 [restartedMain] INFO  o.s.b.d.autoconfigure.OptionalLiveReloadServer - LiveReload server is running on port 35729
2026-04-17 01:01:01.042 [restartedMain] INFO  org.apache.coyote.http11.Http11NioProtocol - Starting ProtocolHandler ["http-nio-8080"]
2026-04-17 01:01:01.093 [restartedMain] INFO  o.s.boot.web.embedded.tomcat.TomcatWebServer - Tomcat started on port 8080 (http) with context path ''
2026-04-17 01:01:01.113 [restartedMain] INFO  com.example.esp32_robot.Esp32RobotApplication - Started Esp32RobotApplication in 9.615 seconds (process running for 10.224)
2026-04-17 01:01:01.121 [scheduling-1] DEBUG c.example.esp32_robot.scheduler.ReminderScheduler - Checking due reminders...
2026-04-17 01:01:01.134 [scheduling-1] INFO  c.e.esp32_robot.service.impl.ReminderServiceImpl - Fetching due reminders
2026-04-17 01:01:01.228 [scheduling-1] INFO  c.e.esp32_robot.service.impl.ReminderServiceImpl - Found 0 due reminders
2026-04-17 01:01:31.247 [scheduling-1] DEBUG c.example.esp32_robot.scheduler.ReminderScheduler - Checking due reminders...
2026-04-17 01:01:31.248 [scheduling-1] INFO  c.e.esp32_robot.service.impl.ReminderServiceImpl - Fetching due reminders
2026-04-17 01:01:31.248 [scheduling-1] INFO  c.e.esp32_robot.service.impl.ReminderServiceImpl - Found 0 due reminders
2026-04-17 01:02:01.267 [scheduling-1] DEBUG c.example.esp32_robot.scheduler.ReminderScheduler - Checking due reminders...
2026-04-17 01:02:01.269 [scheduling-1] INFO  c.e.esp32_robot.service.impl.ReminderServiceImpl - Fetching due reminders
2026-04-17 01:02:01.274 [scheduling-1] INFO  c.e.esp32_robot.service.impl.ReminderServiceImpl - Found 0 due reminders
2026-04-17 01:02:31.276 [scheduling-1] DEBUG c.example.esp32_robot.scheduler.ReminderScheduler - Checking due reminders...
2026-04-17 01:02:31.277 [scheduling-1] INFO  c.e.esp32_robot.service.impl.ReminderServiceImpl - Fetching due reminders
2026-04-17 01:02:31.282 [scheduling-1] INFO  c.e.esp32_robot.service.impl.ReminderServiceImpl - Found 0 due reminders
2026-04-17 01:03:01.289 [scheduling-1] DEBUG c.example.esp32_robot.scheduler.ReminderScheduler - Checking due reminders...
2026-04-17 01:03:01.290 [scheduling-1] INFO  c.e.esp32_robot.service.impl.ReminderServiceImpl - Fetching due reminders
2026-04-17 01:03:01.290 [scheduling-1] INFO  c.e.esp32_robot.service.impl.ReminderServiceImpl - Found 0 due reminders
2026-04-17 01:03:31.310 [scheduling-1] DEBUG c.example.esp32_robot.scheduler.ReminderScheduler - Checking due reminders...
2026-04-17 01:03:31.310 [scheduling-1] INFO  c.e.esp32_robot.service.impl.ReminderServiceImpl - Fetching due reminders
2026-04-17 01:03:31.310 [scheduling-1] INFO  c.e.esp32_robot.service.impl.ReminderServiceImpl - Found 0 due reminders
2026-04-17 01:04:01.329 [scheduling-1] DEBUG c.example.esp32_robot.scheduler.ReminderScheduler - Checking due reminders...
2026-04-17 01:04:01.330 [scheduling-1] INFO  c.e.esp32_robot.service.impl.ReminderServiceImpl - Fetching due reminders
2026-04-17 01:04:01.333 [scheduling-1] INFO  c.e.esp32_robot.service.impl.ReminderServiceImpl - Found 0 due reminders
2026-04-17 01:04:31.342 [scheduling-1] DEBUG c.example.esp32_robot.scheduler.ReminderScheduler - Checking due reminders...
2026-04-17 01:04:31.342 [scheduling-1] INFO  c.e.esp32_robot.service.impl.ReminderServiceImpl - Fetching due reminders
2026-04-17 01:04:31.346 [scheduling-1] INFO  c.e.esp32_robot.service.impl.ReminderServiceImpl - Found 0 due reminders
2026-04-17 01:05:01.358 [scheduling-1] DEBUG c.example.esp32_robot.scheduler.ReminderScheduler - Checking due reminders...
2026-04-17 01:05:01.359 [scheduling-1] INFO  c.e.esp32_robot.service.impl.ReminderServiceImpl - Fetching due reminders
2026-04-17 01:05:01.362 [scheduling-1] INFO  c.e.esp32_robot.service.impl.ReminderServiceImpl - Found 0 due reminders
2026-04-17 01:05:31.378 [scheduling-1] DEBUG c.example.esp32_robot.scheduler.ReminderScheduler - Checking due reminders...
2026-04-17 01:05:31.380 [scheduling-1] INFO  c.e.esp32_robot.service.impl.ReminderServiceImpl - Fetching due reminders
2026-04-17 01:05:31.382 [scheduling-1] INFO  c.e.esp32_robot.service.impl.ReminderServiceImpl - Found 0 due reminders
2026-04-17 01:06:01.394 [scheduling-1] DEBUG c.example.esp32_robot.scheduler.ReminderScheduler - Checking due reminders...
2026-04-17 01:06:01.394 [scheduling-1] INFO  c.e.esp32_robot.service.impl.ReminderServiceImpl - Fetching due reminders
2026-04-17 01:06:01.398 [scheduling-1] INFO  c.e.esp32_robot.service.impl.ReminderServiceImpl - Found 0 due reminders
2026-04-17 01:06:31.409 [scheduling-1] DEBUG c.example.esp32_robot.scheduler.ReminderScheduler - Checking due reminders...
2026-04-17 01:06:31.409 [scheduling-1] INFO  c.e.esp32_robot.service.impl.ReminderServiceImpl - Fetching due reminders
2026-04-17 01:06:31.413 [scheduling-1] INFO  c.e.esp32_robot.service.impl.ReminderServiceImpl - Found 0 due reminders
2026-04-17 01:07:01.418 [scheduling-1] DEBUG c.example.esp32_robot.scheduler.ReminderScheduler - Checking due reminders...
2026-04-17 01:07:01.418 [scheduling-1] INFO  c.e.esp32_robot.service.impl.ReminderServiceImpl - Fetching due reminders
2026-04-17 01:07:01.421 [scheduling-1] INFO  c.e.esp32_robot.service.impl.ReminderServiceImpl - Found 0 due reminders
2026-04-17 01:07:18.993 [http-nio-8080-exec-1] INFO  org.springframework.web.servlet.DispatcherServlet - Initializing Servlet 'dispatcherServlet'
2026-04-17 01:07:18.998 [http-nio-8080-exec-1] INFO  org.springframework.web.servlet.DispatcherServlet - Completed initialization in 5 ms
2026-04-17 01:07:19.309 [http-nio-8080-exec-1] INFO  com.example.esp32_robot.controller.UserController - REST request to login: admin
2026-04-17 01:07:19.310 [http-nio-8080-exec-1] INFO  c.example.esp32_robot.service.impl.UserServiceImpl - User login attempt: admin
2026-04-17 01:07:19.411 [http-nio-8080-exec-1] INFO  c.example.esp32_robot.service.impl.UserServiceImpl - User logged in successfully: admin
2026-04-17 01:07:31.428 [scheduling-1] DEBUG c.example.esp32_robot.scheduler.ReminderScheduler - Checking due reminders...
2026-04-17 01:07:31.429 [scheduling-1] INFO  c.e.esp32_robot.service.impl.ReminderServiceImpl - Fetching due reminders
2026-04-17 01:07:31.432 [scheduling-1] INFO  c.e.esp32_robot.service.impl.ReminderServiceImpl - Found 0 due reminders
2026-04-17 01:08:01.444 [scheduling-1] DEBUG c.example.esp32_robot.scheduler.ReminderScheduler - Checking due reminders...
2026-04-17 01:08:01.446 [scheduling-1] INFO  c.e.esp32_robot.service.impl.ReminderServiceImpl - Fetching due reminders
2026-04-17 01:08:01.450 [scheduling-1] INFO  c.e.esp32_robot.service.impl.ReminderServiceImpl - Found 0 due reminders
2026-04-17 01:08:31.457 [scheduling-1] DEBUG c.example.esp32_robot.scheduler.ReminderScheduler - Checking due reminders...
2026-04-17 01:08:31.458 [scheduling-1] INFO  c.e.esp32_robot.service.impl.ReminderServiceImpl - Fetching due reminders
2026-04-17 01:08:31.463 [scheduling-1] INFO  c.e.esp32_robot.service.impl.ReminderServiceImpl - Found 0 due reminders
2026-04-17 01:09:01.470 [scheduling-1] DEBUG c.example.esp32_robot.scheduler.ReminderScheduler - Checking due reminders...
2026-04-17 01:09:01.470 [scheduling-1] INFO  c.e.esp32_robot.service.impl.ReminderServiceImpl - Fetching due reminders
2026-04-17 01:09:01.477 [scheduling-1] INFO  c.e.esp32_robot.service.impl.ReminderServiceImpl - Found 0 due reminders
2026-04-17 01:09:31.492 [scheduling-1] DEBUG c.example.esp32_robot.scheduler.ReminderScheduler - Checking due reminders...
2026-04-17 01:09:31.493 [scheduling-1] INFO  c.e.esp32_robot.service.impl.ReminderServiceImpl - Fetching due reminders
2026-04-17 01:09:31.497 [scheduling-1] INFO  c.e.esp32_robot.service.impl.ReminderServiceImpl - Found 0 due reminders
2026-04-17 01:10:01.500 [scheduling-1] DEBUG c.example.esp32_robot.scheduler.ReminderScheduler - Checking due reminders...
2026-04-17 01:10:01.500 [scheduling-1] INFO  c.e.esp32_robot.service.impl.ReminderServiceImpl - Fetching due reminders
2026-04-17 01:10:01.500 [scheduling-1] INFO  c.e.esp32_robot.service.impl.ReminderServiceImpl - Found 0 due reminders
2026-04-17 01:10:31.511 [scheduling-1] DEBUG c.example.esp32_robot.scheduler.ReminderScheduler - Checking due reminders...
2026-04-17 01:10:31.512 [scheduling-1] INFO  c.e.esp32_robot.service.impl.ReminderServiceImpl - Fetching due reminders
2026-04-17 01:10:31.515 [scheduling-1] INFO  c.e.esp32_robot.service.impl.ReminderServiceImpl - Found 0 due reminders
2026-04-17 01:11:01.524 [scheduling-1] DEBUG c.example.esp32_robot.scheduler.ReminderScheduler - Checking due reminders...
2026-04-17 01:11:01.524 [scheduling-1] INFO  c.e.esp32_robot.service.impl.ReminderServiceImpl - Fetching due reminders
2026-04-17 01:11:01.528 [scheduling-1] INFO  c.e.esp32_robot.service.impl.ReminderServiceImpl - Found 0 due reminders
2026-04-17 01:11:31.541 [scheduling-1] DEBUG c.example.esp32_robot.scheduler.ReminderScheduler - Checking due reminders...
2026-04-17 01:11:31.542 [scheduling-1] INFO  c.e.esp32_robot.service.impl.ReminderServiceImpl - Fetching due reminders
2026-04-17 01:11:31.542 [scheduling-1] INFO  c.e.esp32_robot.service.impl.ReminderServiceImpl - Found 0 due reminders
2026-04-17 01:12:01.555 [scheduling-1] DEBUG c.example.esp32_robot.scheduler.ReminderScheduler - Checking due reminders...
2026-04-17 01:12:01.555 [scheduling-1] INFO  c.e.esp32_robot.service.impl.ReminderServiceImpl - Fetching due reminders
2026-04-17 01:12:01.558 [scheduling-1] INFO  c.e.esp32_robot.service.impl.ReminderServiceImpl - Found 0 due reminders
2026-04-17 01:12:31.572 [scheduling-1] DEBUG c.example.esp32_robot.scheduler.ReminderScheduler - Checking due reminders...
2026-04-17 01:12:31.572 [scheduling-1] INFO  c.e.esp32_robot.service.impl.ReminderServiceImpl - Fetching due reminders
2026-04-17 01:12:31.575 [scheduling-1] INFO  c.e.esp32_robot.service.impl.ReminderServiceImpl - Found 0 due reminders
2026-04-17 01:13:01.591 [scheduling-1] DEBUG c.example.esp32_robot.scheduler.ReminderScheduler - Checking due reminders...
2026-04-17 01:13:01.592 [scheduling-1] INFO  c.e.esp32_robot.service.impl.ReminderServiceImpl - Fetching due reminders
2026-04-17 01:13:01.595 [scheduling-1] INFO  c.e.esp32_robot.service.impl.ReminderServiceImpl - Found 0 due reminders
2026-04-17 01:13:31.608 [scheduling-1] DEBUG c.example.esp32_robot.scheduler.ReminderScheduler - Checking due reminders...
2026-04-17 01:13:31.609 [scheduling-1] INFO  c.e.esp32_robot.service.impl.ReminderServiceImpl - Fetching due reminders
2026-04-17 01:13:31.613 [scheduling-1] INFO  c.e.esp32_robot.service.impl.ReminderServiceImpl - Found 0 due reminders
2026-04-17 01:14:01.626 [scheduling-1] DEBUG c.example.esp32_robot.scheduler.ReminderScheduler - Checking due reminders...
2026-04-17 01:14:01.627 [scheduling-1] INFO  c.e.esp32_robot.service.impl.ReminderServiceImpl - Fetching due reminders
2026-04-17 01:14:01.630 [scheduling-1] INFO  c.e.esp32_robot.service.impl.ReminderServiceImpl - Found 0 due reminders
2026-04-17 01:14:31.632 [scheduling-1] DEBUG c.example.esp32_robot.scheduler.ReminderScheduler - Checking due reminders...
2026-04-17 01:14:31.633 [scheduling-1] INFO  c.e.esp32_robot.service.impl.ReminderServiceImpl - Fetching due reminders
2026-04-17 01:14:31.635 [scheduling-1] INFO  c.e.esp32_robot.service.impl.ReminderServiceImpl - Found 0 due reminders
2026-04-17 01:15:01.649 [scheduling-1] DEBUG c.example.esp32_robot.scheduler.ReminderScheduler - Checking due reminders...
2026-04-17 01:15:01.650 [scheduling-1] INFO  c.e.esp32_robot.service.impl.ReminderServiceImpl - Fetching due reminders
2026-04-17 01:15:01.653 [scheduling-1] INFO  c.e.esp32_robot.service.impl.ReminderServiceImpl - Found 0 due reminders
2026-04-17 01:15:31.657 [scheduling-1] DEBUG c.example.esp32_robot.scheduler.ReminderScheduler - Checking due reminders...
2026-04-17 01:15:31.658 [scheduling-1] INFO  c.e.esp32_robot.service.impl.ReminderServiceImpl - Fetching due reminders
2026-04-17 01:15:31.660 [scheduling-1] INFO  c.e.esp32_robot.service.impl.ReminderServiceImpl - Found 0 due reminders
2026-04-17 01:16:01.675 [scheduling-1] DEBUG c.example.esp32_robot.scheduler.ReminderScheduler - Checking due reminders...
2026-04-17 01:16:01.677 [scheduling-1] INFO  c.e.esp32_robot.service.impl.ReminderServiceImpl - Fetching due reminders
2026-04-17 01:16:01.680 [scheduling-1] INFO  c.e.esp32_robot.service.impl.ReminderServiceImpl - Found 0 due reminders
2026-04-17 01:16:22.206 [http-nio-8080-exec-2] INFO  com.example.esp32_robot.controller.UserController - REST request to login: admin
2026-04-17 01:16:22.207 [http-nio-8080-exec-2] INFO  c.example.esp32_robot.service.impl.UserServiceImpl - User login attempt: admin
2026-04-17 01:16:22.211 [http-nio-8080-exec-2] INFO  c.example.esp32_robot.service.impl.UserServiceImpl - User logged in successfully: admin
2026-04-17 01:16:31.682 [scheduling-1] DEBUG c.example.esp32_robot.scheduler.ReminderScheduler - Checking due reminders...
2026-04-17 01:16:31.684 [scheduling-1] INFO  c.e.esp32_robot.service.impl.ReminderServiceImpl - Fetching due reminders
2026-04-17 01:16:31.687 [scheduling-1] INFO  c.e.esp32_robot.service.impl.ReminderServiceImpl - Found 0 due reminders
2026-04-17 01:17:01.703 [scheduling-1] DEBUG c.example.esp32_robot.scheduler.ReminderScheduler - Checking due reminders...
2026-04-17 01:17:01.705 [scheduling-1] INFO  c.e.esp32_robot.service.impl.ReminderServiceImpl - Fetching due reminders
2026-04-17 01:17:01.707 [scheduling-1] INFO  c.e.esp32_robot.service.impl.ReminderServiceImpl - Found 0 due reminders
2026-04-17 01:17:31.713 [scheduling-1] DEBUG c.example.esp32_robot.scheduler.ReminderScheduler - Checking due reminders...
2026-04-17 01:17:31.714 [scheduling-1] INFO  c.e.esp32_robot.service.impl.ReminderServiceImpl - Fetching due reminders
2026-04-17 01:17:31.718 [scheduling-1] INFO  c.e.esp32_robot.service.impl.ReminderServiceImpl - Found 0 due reminders
2026-04-17 01:18:01.729 [scheduling-1] DEBUG c.example.esp32_robot.scheduler.ReminderScheduler - Checking due reminders...
2026-04-17 01:18:01.730 [scheduling-1] INFO  c.e.esp32_robot.service.impl.ReminderServiceImpl - Fetching due reminders
2026-04-17 01:18:01.732 [scheduling-1] INFO  c.e.esp32_robot.service.impl.ReminderServiceImpl - Found 0 due reminders
2026-04-17 01:18:31.738 [scheduling-1] DEBUG c.example.esp32_robot.scheduler.ReminderScheduler - Checking due reminders...
2026-04-17 01:18:31.739 [scheduling-1] INFO  c.e.esp32_robot.service.impl.ReminderServiceImpl - Fetching due reminders
2026-04-17 01:18:31.742 [scheduling-1] INFO  c.e.esp32_robot.service.impl.ReminderServiceImpl - Found 0 due reminders
2026-04-17 01:19:01.755 [scheduling-1] DEBUG c.example.esp32_robot.scheduler.ReminderScheduler - Checking due reminders...
2026-04-17 01:19:01.756 [scheduling-1] INFO  c.e.esp32_robot.service.impl.ReminderServiceImpl - Fetching due reminders
2026-04-17 01:19:01.759 [scheduling-1] INFO  c.e.esp32_robot.service.impl.ReminderServiceImpl - Found 0 due reminders
2026-04-17 01:19:31.772 [scheduling-1] DEBUG c.example.esp32_robot.scheduler.ReminderScheduler - Checking due reminders...
2026-04-17 01:19:31.774 [scheduling-1] INFO  c.e.esp32_robot.service.impl.ReminderServiceImpl - Fetching due reminders
2026-04-17 01:19:31.778 [scheduling-1] INFO  c.e.esp32_robot.service.impl.ReminderServiceImpl - Found 0 due reminders
2026-04-17 01:20:01.793 [scheduling-1] DEBUG c.example.esp32_robot.scheduler.ReminderScheduler - Checking due reminders...
2026-04-17 01:20:01.795 [scheduling-1] INFO  c.e.esp32_robot.service.impl.ReminderServiceImpl - Fetching due reminders
2026-04-17 01:20:01.797 [scheduling-1] INFO  c.e.esp32_robot.service.impl.ReminderServiceImpl - Found 0 due reminders
2026-04-17 01:20:31.809 [scheduling-1] DEBUG c.example.esp32_robot.scheduler.ReminderScheduler - Checking due reminders...
2026-04-17 01:20:31.811 [scheduling-1] INFO  c.e.esp32_robot.service.impl.ReminderServiceImpl - Fetching due reminders
2026-04-17 01:20:31.813 [scheduling-1] INFO  c.e.esp32_robot.service.impl.ReminderServiceImpl - Found 0 due reminders
2026-04-17 01:21:01.821 [scheduling-1] DEBUG c.example.esp32_robot.scheduler.ReminderScheduler - Checking due reminders...
2026-04-17 01:21:01.822 [scheduling-1] INFO  c.e.esp32_robot.service.impl.ReminderServiceImpl - Fetching due reminders
2026-04-17 01:21:01.825 [scheduling-1] INFO  c.e.esp32_robot.service.impl.ReminderServiceImpl - Found 0 due reminders
2026-04-17 01:21:22.722 [http-nio-8080-exec-3] INFO  com.example.esp32_robot.controller.UserController - REST request to login: admin
2026-04-17 01:21:22.724 [http-nio-8080-exec-3] INFO  c.example.esp32_robot.service.impl.UserServiceImpl - User login attempt: admin
2026-04-17 01:21:22.727 [http-nio-8080-exec-3] INFO  c.example.esp32_robot.service.impl.UserServiceImpl - User logged in successfully: admin
2026-04-17 01:21:31.833 [scheduling-1] DEBUG c.example.esp32_robot.scheduler.ReminderScheduler - Checking due reminders...
2026-04-17 01:21:31.834 [scheduling-1] INFO  c.e.esp32_robot.service.impl.ReminderServiceImpl - Fetching due reminders
2026-04-17 01:21:31.836 [scheduling-1] INFO  c.e.esp32_robot.service.impl.ReminderServiceImpl - Found 0 due reminders
2026-04-17 01:22:01.842 [scheduling-1] DEBUG c.example.esp32_robot.scheduler.ReminderScheduler - Checking due reminders...
2026-04-17 01:22:01.844 [scheduling-1] INFO  c.e.esp32_robot.service.impl.ReminderServiceImpl - Fetching due reminders
2026-04-17 01:22:01.846 [scheduling-1] INFO  c.e.esp32_robot.service.impl.ReminderServiceImpl - Found 0 due reminders
2026-04-17 01:22:31.859 [scheduling-1] DEBUG c.example.esp32_robot.scheduler.ReminderScheduler - Checking due reminders...
2026-04-17 01:22:31.860 [scheduling-1] INFO  c.e.esp32_robot.service.impl.ReminderServiceImpl - Fetching due reminders
2026-04-17 01:22:31.863 [scheduling-1] INFO  c.e.esp32_robot.service.impl.ReminderServiceImpl - Found 0 due reminders
2026-04-17 01:23:01.872 [scheduling-1] DEBUG c.example.esp32_robot.scheduler.ReminderScheduler - Checking due reminders...
2026-04-17 01:23:01.873 [scheduling-1] INFO  c.e.esp32_robot.service.impl.ReminderServiceImpl - Fetching due reminders
2026-04-17 01:23:01.878 [scheduling-1] INFO  c.e.esp32_robot.service.impl.ReminderServiceImpl - Found 0 due reminders
2026-04-17 01:23:31.884 [scheduling-1] DEBUG c.example.esp32_robot.scheduler.ReminderScheduler - Checking due reminders...
2026-04-17 01:23:31.884 [scheduling-1] INFO  c.e.esp32_robot.service.impl.ReminderServiceImpl - Fetching due reminders
2026-04-17 01:23:31.889 [scheduling-1] INFO  c.e.esp32_robot.service.impl.ReminderServiceImpl - Found 0 due reminders
2026-04-17 01:24:01.894 [scheduling-1] DEBUG c.example.esp32_robot.scheduler.ReminderScheduler - Checking due reminders...
2026-04-17 01:24:01.894 [scheduling-1] INFO  c.e.esp32_robot.service.impl.ReminderServiceImpl - Fetching due reminders
2026-04-17 01:24:01.897 [scheduling-1] INFO  c.e.esp32_robot.service.impl.ReminderServiceImpl - Found 0 due reminders
2026-04-17 01:24:31.905 [scheduling-1] DEBUG c.example.esp32_robot.scheduler.ReminderScheduler - Checking due reminders...
2026-04-17 01:24:31.905 [scheduling-1] INFO  c.e.esp32_robot.service.impl.ReminderServiceImpl - Fetching due reminders
2026-04-17 01:24:31.905 [scheduling-1] INFO  c.e.esp32_robot.service.impl.ReminderServiceImpl - Found 0 due reminders
2026-04-17 01:25:01.920 [scheduling-1] DEBUG c.example.esp32_robot.scheduler.ReminderScheduler - Checking due reminders...
2026-04-17 01:25:01.921 [scheduling-1] INFO  c.e.esp32_robot.service.impl.ReminderServiceImpl - Fetching due reminders
2026-04-17 01:25:01.923 [scheduling-1] INFO  c.e.esp32_robot.service.impl.ReminderServiceImpl - Found 0 due reminders
2026-04-17 01:25:31.937 [scheduling-1] DEBUG c.example.esp32_robot.scheduler.ReminderScheduler - Checking due reminders...
2026-04-17 01:25:31.938 [scheduling-1] INFO  c.e.esp32_robot.service.impl.ReminderServiceImpl - Fetching due reminders
2026-04-17 01:25:31.942 [scheduling-1] INFO  c.e.esp32_robot.service.impl.ReminderServiceImpl - Found 0 due reminders
2026-04-17 01:26:01.954 [scheduling-1] DEBUG c.example.esp32_robot.scheduler.ReminderScheduler - Checking due reminders...
2026-04-17 01:26:01.955 [scheduling-1] INFO  c.e.esp32_robot.service.impl.ReminderServiceImpl - Fetching due reminders
2026-04-17 01:26:01.958 [scheduling-1] INFO  c.e.esp32_robot.service.impl.ReminderServiceImpl - Found 0 due reminders
2026-04-17 01:26:31.974 [scheduling-1] DEBUG c.example.esp32_robot.scheduler.ReminderScheduler - Checking due reminders...
2026-04-17 01:26:31.975 [scheduling-1] INFO  c.e.esp32_robot.service.impl.ReminderServiceImpl - Fetching due reminders
2026-04-17 01:26:31.978 [scheduling-1] INFO  c.e.esp32_robot.service.impl.ReminderServiceImpl - Found 0 due reminders
2026-04-17 01:27:01.985 [scheduling-1] DEBUG c.example.esp32_robot.scheduler.ReminderScheduler - Checking due reminders...
2026-04-17 01:27:01.986 [scheduling-1] INFO  c.e.esp32_robot.service.impl.ReminderServiceImpl - Fetching due reminders
2026-04-17 01:27:01.987 [scheduling-1] INFO  c.e.esp32_robot.service.impl.ReminderServiceImpl - Found 0 due reminders
2026-04-17 01:27:32.003 [scheduling-1] DEBUG c.example.esp32_robot.scheduler.ReminderScheduler - Checking due reminders...
2026-04-17 01:27:32.003 [scheduling-1] INFO  c.e.esp32_robot.service.impl.ReminderServiceImpl - Fetching due reminders
2026-04-17 01:27:32.003 [scheduling-1] INFO  c.e.esp32_robot.service.impl.ReminderServiceImpl - Found 0 due reminders
2026-04-17 01:28:02.020 [scheduling-1] DEBUG c.example.esp32_robot.scheduler.ReminderScheduler - Checking due reminders...
2026-04-17 01:28:02.021 [scheduling-1] INFO  c.e.esp32_robot.service.impl.ReminderServiceImpl - Fetching due reminders
2026-04-17 01:28:02.023 [scheduling-1] INFO  c.e.esp32_robot.service.impl.ReminderServiceImpl - Found 0 due reminders
2026-04-17 01:28:32.031 [scheduling-1] DEBUG c.example.esp32_robot.scheduler.ReminderScheduler - Checking due reminders...
2026-04-17 01:28:32.033 [scheduling-1] INFO  c.e.esp32_robot.service.impl.ReminderServiceImpl - Fetching due reminders
2026-04-17 01:28:32.034 [scheduling-1] INFO  c.e.esp32_robot.service.impl.ReminderServiceImpl - Found 0 due reminders
2026-04-17 01:29:02.045 [scheduling-1] DEBUG c.example.esp32_robot.scheduler.ReminderScheduler - Checking due reminders...
2026-04-17 01:29:02.045 [scheduling-1] INFO  c.e.esp32_robot.service.impl.ReminderServiceImpl - Fetching due reminders
2026-04-17 01:29:02.047 [scheduling-1] INFO  c.e.esp32_robot.service.impl.ReminderServiceImpl - Found 0 due reminders
2026-04-17 01:29:32.052 [scheduling-1] DEBUG c.example.esp32_robot.scheduler.ReminderScheduler - Checking due reminders...
2026-04-17 01:29:32.053 [scheduling-1] INFO  c.e.esp32_robot.service.impl.ReminderServiceImpl - Fetching due reminders
2026-04-17 01:29:32.055 [scheduling-1] INFO  c.e.esp32_robot.service.impl.ReminderServiceImpl - Found 0 due reminders
2026-04-17 01:30:02.061 [scheduling-1] DEBUG c.example.esp32_robot.scheduler.ReminderScheduler - Checking due reminders...
2026-04-17 01:30:02.063 [scheduling-1] INFO  c.e.esp32_robot.service.impl.ReminderServiceImpl - Fetching due reminders
2026-04-17 01:30:02.064 [scheduling-1] INFO  c.e.esp32_robot.service.impl.ReminderServiceImpl - Found 0 due reminders
2026-04-17 01:30:32.068 [scheduling-1] DEBUG c.example.esp32_robot.scheduler.ReminderScheduler - Checking due reminders...
2026-04-17 01:30:32.068 [scheduling-1] INFO  c.e.esp32_robot.service.impl.ReminderServiceImpl - Fetching due reminders
2026-04-17 01:30:32.070 [scheduling-1] INFO  c.e.esp32_robot.service.impl.ReminderServiceImpl - Found 0 due reminders
2026-04-17 01:31:02.074 [scheduling-1] DEBUG c.example.esp32_robot.scheduler.ReminderScheduler - Checking due reminders...
2026-04-17 01:31:02.074 [scheduling-1] INFO  c.e.esp32_robot.service.impl.ReminderServiceImpl - Fetching due reminders
2026-04-17 01:31:02.077 [scheduling-1] INFO  c.e.esp32_robot.service.impl.ReminderServiceImpl - Found 0 due reminders
2026-04-17 01:31:32.090 [scheduling-1] DEBUG c.example.esp32_robot.scheduler.ReminderScheduler - Checking due reminders...
2026-04-17 01:31:32.090 [scheduling-1] INFO  c.e.esp32_robot.service.impl.ReminderServiceImpl - Fetching due reminders
2026-04-17 01:31:32.092 [scheduling-1] INFO  c.e.esp32_robot.service.impl.ReminderServiceImpl - Found 0 due reminders
2026-04-17 01:32:02.104 [scheduling-1] DEBUG c.example.esp32_robot.scheduler.ReminderScheduler - Checking due reminders...
2026-04-17 01:32:02.105 [scheduling-1] INFO  c.e.esp32_robot.service.impl.ReminderServiceImpl - Fetching due reminders
2026-04-17 01:32:02.106 [scheduling-1] INFO  c.e.esp32_robot.service.impl.ReminderServiceImpl - Found 0 due reminders
2026-04-17 01:32:32.122 [scheduling-1] DEBUG c.example.esp32_robot.scheduler.ReminderScheduler - Checking due reminders...
2026-04-17 01:32:32.123 [scheduling-1] INFO  c.e.esp32_robot.service.impl.ReminderServiceImpl - Fetching due reminders
2026-04-17 01:32:32.124 [scheduling-1] INFO  c.e.esp32_robot.service.impl.ReminderServiceImpl - Found 0 due reminders
2026-04-17 01:32:50.880 [SpringApplicationShutdownHook] INFO  o.s.orm.jpa.LocalContainerEntityManagerFactoryBean - Closing JPA EntityManagerFactory for persistence unit 'default'
2026-04-17 01:32:50.885 [SpringApplicationShutdownHook] INFO  com.zaxxer.hikari.HikariDataSource - HikariPool-1 - Shutdown initiated...
2026-04-17 01:32:50.888 [SpringApplicationShutdownHook] INFO  com.zaxxer.hikari.HikariDataSource - HikariPool-1 - Shutdown completed.
2026-04-17 01:32:53.570 [restartedMain] INFO  com.example.esp32_robot.Esp32RobotApplication - Starting Esp32RobotApplication using Java 17.0.17 with PID 28620 (E:\esp32-robot\esp32-backend\target\classes started by 27863 in E:\esp32-robot\esp32-backend)
2026-04-17 01:32:53.572 [restartedMain] DEBUG com.example.esp32_robot.Esp32RobotApplication - Running with Spring Boot v3.2.5, Spring v6.1.6
2026-04-17 01:32:53.573 [restartedMain] INFO  com.example.esp32_robot.Esp32RobotApplication - No active profile set, falling back to 1 default profile: "default"
2026-04-17 01:32:53.637 [restartedMain] INFO  o.s.b.d.env.DevToolsPropertyDefaultsPostProcessor - Devtools property defaults active! Set 'spring.devtools.add-properties' to 'false' to disable
2026-04-17 01:32:53.637 [restartedMain] INFO  o.s.b.d.env.DevToolsPropertyDefaultsPostProcessor - For additional web related logging consider setting the 'logging.level.web' property to 'DEBUG'
2026-04-17 01:32:54.700 [restartedMain] INFO  o.s.d.r.config.RepositoryConfigurationDelegate - Bootstrapping Spring Data JPA repositories in DEFAULT mode.
2026-04-17 01:32:54.803 [restartedMain] INFO  o.s.d.r.config.RepositoryConfigurationDelegate - Finished Spring Data repository scanning in 91 ms. Found 8 JPA repository interfaces.
2026-04-17 01:32:56.113 [restartedMain] INFO  o.s.boot.web.embedded.tomcat.TomcatWebServer - Tomcat initialized with port 8080 (http)
2026-04-17 01:32:56.139 [restartedMain] INFO  org.apache.coyote.http11.Http11NioProtocol - Initializing ProtocolHandler ["http-nio-8080"]
2026-04-17 01:32:56.146 [restartedMain] INFO  org.apache.catalina.core.StandardService - Starting service [Tomcat]
2026-04-17 01:32:56.146 [restartedMain] INFO  org.apache.catalina.core.StandardEngine - Starting Servlet engine: [Apache Tomcat/10.1.20]
2026-04-17 01:32:56.309 [restartedMain] INFO  o.a.c.core.ContainerBase.[Tomcat].[localhost].[/] - Initializing Spring embedded WebApplicationContext
2026-04-17 01:32:56.311 [restartedMain] INFO  o.s.b.w.s.c.ServletWebServerApplicationContext - Root WebApplicationContext: initialization completed in 2672 ms
2026-04-17 01:32:57.357 [restartedMain] INFO  o.s.o.j.persistenceunit.SpringPersistenceUnitInfo - No LoadTimeWeaver setup: ignoring JPA class transformer
2026-04-17 01:32:57.401 [restartedMain] INFO  com.zaxxer.hikari.HikariDataSource - HikariPool-1 - Starting...
2026-04-17 01:32:57.585 [restartedMain] INFO  com.zaxxer.hikari.pool.HikariPool - HikariPool-1 - Added connection com.mysql.cj.jdbc.ConnectionImpl@b43b6f
2026-04-17 01:32:57.587 [restartedMain] INFO  com.zaxxer.hikari.HikariDataSource - HikariPool-1 - Start completed.
2026-04-17 01:32:57.636 [restartedMain] WARN  org.hibernate.orm.deprecation - HHH90000025: MySQL8Dialect does not need to be specified explicitly using 'hibernate.dialect' (remove the property setting and it will be selected by default)
2026-04-17 01:32:57.638 [restartedMain] WARN  org.hibernate.orm.deprecation - HHH90000026: MySQL8Dialect has been deprecated; use org.hibernate.dialect.MySQLDialect instead
2026-04-17 01:32:59.175 [restartedMain] INFO  o.s.orm.jpa.LocalContainerEntityManagerFactoryBean - Initialized JPA EntityManagerFactory for persistence unit 'default'
2026-04-17 01:32:59.602 [restartedMain] INFO  o.s.data.jpa.repository.query.QueryEnhancerFactory - Hibernate is in classpath; If applicable, HQL parser will be used.
2026-04-17 01:33:02.633 [restartedMain] INFO  o.s.security.web.DefaultSecurityFilterChain - Will secure any request with [org.springframework.security.web.session.DisableEncodeUrlFilter@705c0a1f, org.springframework.security.web.context.request.async.WebAsyncManagerIntegrationFilter@38675e19, org.springframework.security.web.context.SecurityContextHolderFilter@4b73e513, org.springframework.security.web.header.HeaderWriterFilter@1adf498d, org.springframework.web.filter.CorsFilter@4c4220bd, org.springframework.security.web.authentication.logout.LogoutFilter@4340b79d, org.springframework.security.web.savedrequest.RequestCacheAwareFilter@74f221ce, org.springframework.security.web.servletapi.SecurityContextHolderAwareRequestFilter@123de3f5, org.springframework.security.web.authentication.AnonymousAuthenticationFilter@57419cb0, org.springframework.security.web.access.ExceptionTranslationFilter@3476dc66, org.springframework.security.web.access.intercept.AuthorizationFilter@383e19b4]
2026-04-17 01:33:03.189 [restartedMain] INFO  o.s.b.d.autoconfigure.OptionalLiveReloadServer - LiveReload server is running on port 35729
2026-04-17 01:33:03.209 [restartedMain] INFO  org.apache.coyote.http11.Http11NioProtocol - Starting ProtocolHandler ["http-nio-8080"]
2026-04-17 01:33:03.246 [restartedMain] INFO  o.s.boot.web.embedded.tomcat.TomcatWebServer - Tomcat started on port 8080 (http) with context path ''
2026-04-17 01:33:03.267 [restartedMain] INFO  com.example.esp32_robot.Esp32RobotApplication - Started Esp32RobotApplication in 10.282 seconds (process running for 10.942)
2026-04-17 01:33:03.277 [scheduling-1] DEBUG c.example.esp32_robot.scheduler.ReminderScheduler - Checking due reminders...
2026-04-17 01:33:03.289 [scheduling-1] INFO  c.e.esp32_robot.service.impl.ReminderServiceImpl - Fetching due reminders
2026-04-17 01:33:03.388 [scheduling-1] INFO  c.e.esp32_robot.service.impl.ReminderServiceImpl - Found 0 due reminders
2026-04-17 01:33:33.405 [scheduling-1] DEBUG c.example.esp32_robot.scheduler.ReminderScheduler - Checking due reminders...
2026-04-17 01:33:33.406 [scheduling-1] INFO  c.e.esp32_robot.service.impl.ReminderServiceImpl - Fetching due reminders
2026-04-17 01:33:33.409 [scheduling-1] INFO  c.e.esp32_robot.service.impl.ReminderServiceImpl - Found 0 due reminders
2026-04-17 01:34:03.420 [scheduling-1] DEBUG c.example.esp32_robot.scheduler.ReminderScheduler - Checking due reminders...
2026-04-17 01:34:03.422 [scheduling-1] INFO  c.e.esp32_robot.service.impl.ReminderServiceImpl - Fetching due reminders
2026-04-17 01:34:03.430 [scheduling-1] INFO  c.e.esp32_robot.service.impl.ReminderServiceImpl - Found 0 due reminders
2026-04-17 01:34:33.438 [scheduling-1] DEBUG c.example.esp32_robot.scheduler.ReminderScheduler - Checking due reminders...
2026-04-17 01:34:33.440 [scheduling-1] INFO  c.e.esp32_robot.service.impl.ReminderServiceImpl - Fetching due reminders
2026-04-17 01:34:33.447 [scheduling-1] INFO  c.e.esp32_robot.service.impl.ReminderServiceImpl - Found 0 due reminders
2026-04-17 01:35:03.455 [scheduling-1] DEBUG c.example.esp32_robot.scheduler.ReminderScheduler - Checking due reminders...
2026-04-17 01:35:03.456 [scheduling-1] INFO  c.e.esp32_robot.service.impl.ReminderServiceImpl - Fetching due reminders
2026-04-17 01:35:03.464 [scheduling-1] INFO  c.e.esp32_robot.service.impl.ReminderServiceImpl - Found 0 due reminders
2026-04-17 01:35:33.476 [scheduling-1] DEBUG c.example.esp32_robot.scheduler.ReminderScheduler - Checking due reminders...
2026-04-17 01:35:33.478 [scheduling-1] INFO  c.e.esp32_robot.service.impl.ReminderServiceImpl - Fetching due reminders
2026-04-17 01:35:33.483 [scheduling-1] INFO  c.e.esp32_robot.service.impl.ReminderServiceImpl - Found 0 due reminders
2026-04-17 01:36:03.491 [scheduling-1] DEBUG c.example.esp32_robot.scheduler.ReminderScheduler - Checking due reminders...
2026-04-17 01:36:03.493 [scheduling-1] INFO  c.e.esp32_robot.service.impl.ReminderServiceImpl - Fetching due reminders
2026-04-17 01:36:03.497 [scheduling-1] INFO  c.e.esp32_robot.service.impl.ReminderServiceImpl - Found 0 due reminders
2026-04-17 01:36:33.501 [scheduling-1] DEBUG c.example.esp32_robot.scheduler.ReminderScheduler - Checking due reminders...
2026-04-17 01:36:33.503 [scheduling-1] INFO  c.e.esp32_robot.service.impl.ReminderServiceImpl - Fetching due reminders
2026-04-17 01:36:33.508 [scheduling-1] INFO  c.e.esp32_robot.service.impl.ReminderServiceImpl - Found 0 due reminders
2026-04-17 01:37:03.522 [scheduling-1] DEBUG c.example.esp32_robot.scheduler.ReminderScheduler - Checking due reminders...
2026-04-17 01:37:03.523 [scheduling-1] INFO  c.e.esp32_robot.service.impl.ReminderServiceImpl - Fetching due reminders
2026-04-17 01:37:03.526 [scheduling-1] INFO  c.e.esp32_robot.service.impl.ReminderServiceImpl - Found 0 due reminders
2026-04-17 01:37:33.538 [scheduling-1] DEBUG c.example.esp32_robot.scheduler.ReminderScheduler - Checking due reminders...
2026-04-17 01:37:33.540 [scheduling-1] INFO  c.e.esp32_robot.service.impl.ReminderServiceImpl - Fetching due reminders
2026-04-17 01:37:33.543 [scheduling-1] INFO  c.e.esp32_robot.service.impl.ReminderServiceImpl - Found 0 due reminders
2026-04-17 01:38:03.554 [scheduling-1] DEBUG c.example.esp32_robot.scheduler.ReminderScheduler - Checking due reminders...
2026-04-17 01:38:03.555 [scheduling-1] INFO  c.e.esp32_robot.service.impl.ReminderServiceImpl - Fetching due reminders
2026-04-17 01:38:03.556 [scheduling-1] INFO  c.e.esp32_robot.service.impl.ReminderServiceImpl - Found 0 due reminders
2026-04-17 01:38:33.571 [scheduling-1] DEBUG c.example.esp32_robot.scheduler.ReminderScheduler - Checking due reminders...
2026-04-17 01:38:33.572 [scheduling-1] INFO  c.e.esp32_robot.service.impl.ReminderServiceImpl - Fetching due reminders
2026-04-17 01:38:33.574 [scheduling-1] INFO  c.e.esp32_robot.service.impl.ReminderServiceImpl - Found 0 due reminders
2026-04-17 01:39:03.589 [scheduling-1] DEBUG c.example.esp32_robot.scheduler.ReminderScheduler - Checking due reminders...
2026-04-17 01:39:03.591 [scheduling-1] INFO  c.e.esp32_robot.service.impl.ReminderServiceImpl - Fetching due reminders
2026-04-17 01:39:03.596 [scheduling-1] INFO  c.e.esp32_robot.service.impl.ReminderServiceImpl - Found 0 due reminders
2026-04-17 01:39:33.605 [scheduling-1] DEBUG c.example.esp32_robot.scheduler.ReminderScheduler - Checking due reminders...
2026-04-17 01:39:33.607 [scheduling-1] INFO  c.e.esp32_robot.service.impl.ReminderServiceImpl - Fetching due reminders
2026-04-17 01:39:33.610 [scheduling-1] INFO  c.e.esp32_robot.service.impl.ReminderServiceImpl - Found 0 due reminders
2026-04-17 01:40:03.621 [scheduling-1] DEBUG c.example.esp32_robot.scheduler.ReminderScheduler - Checking due reminders...
2026-04-17 01:40:03.623 [scheduling-1] INFO  c.e.esp32_robot.service.impl.ReminderServiceImpl - Fetching due reminders
2026-04-17 01:40:03.624 [scheduling-1] INFO  c.e.esp32_robot.service.impl.ReminderServiceImpl - Found 0 due reminders
2026-04-17 01:40:33.642 [scheduling-1] DEBUG c.example.esp32_robot.scheduler.ReminderScheduler - Checking due reminders...
2026-04-17 01:40:33.645 [scheduling-1] INFO  c.e.esp32_robot.service.impl.ReminderServiceImpl - Fetching due reminders
2026-04-17 01:40:33.653 [scheduling-1] INFO  c.e.esp32_robot.service.impl.ReminderServiceImpl - Found 0 due reminders
2026-04-17 01:41:03.660 [scheduling-1] DEBUG c.example.esp32_robot.scheduler.ReminderScheduler - Checking due reminders...
2026-04-17 01:41:03.661 [scheduling-1] INFO  c.e.esp32_robot.service.impl.ReminderServiceImpl - Fetching due reminders
2026-04-17 01:41:03.664 [scheduling-1] INFO  c.e.esp32_robot.service.impl.ReminderServiceImpl - Found 0 due reminders
2026-04-17 01:41:33.673 [scheduling-1] DEBUG c.example.esp32_robot.scheduler.ReminderScheduler - Checking due reminders...
2026-04-17 01:41:33.675 [scheduling-1] INFO  c.e.esp32_robot.service.impl.ReminderServiceImpl - Fetching due reminders
2026-04-17 01:41:33.677 [scheduling-1] INFO  c.e.esp32_robot.service.impl.ReminderServiceImpl - Found 0 due reminders
2026-04-17 01:42:03.687 [scheduling-1] DEBUG c.example.esp32_robot.scheduler.ReminderScheduler - Checking due reminders...
2026-04-17 01:42:03.688 [scheduling-1] INFO  c.e.esp32_robot.service.impl.ReminderServiceImpl - Fetching due reminders
2026-04-17 01:42:03.692 [scheduling-1] INFO  c.e.esp32_robot.service.impl.ReminderServiceImpl - Found 0 due reminders
2026-04-17 01:42:33.693 [scheduling-1] DEBUG c.example.esp32_robot.scheduler.ReminderScheduler - Checking due reminders...
2026-04-17 01:42:33.693 [scheduling-1] INFO  c.e.esp32_robot.service.impl.ReminderServiceImpl - Fetching due reminders
2026-04-17 01:42:33.697 [scheduling-1] INFO  c.e.esp32_robot.service.impl.ReminderServiceImpl - Found 0 due reminders
2026-04-17 01:43:03.699 [scheduling-1] DEBUG c.example.esp32_robot.scheduler.ReminderScheduler - Checking due reminders...
2026-04-17 01:43:03.701 [scheduling-1] INFO  c.e.esp32_robot.service.impl.ReminderServiceImpl - Fetching due reminders
2026-04-17 01:43:03.703 [scheduling-1] INFO  c.e.esp32_robot.service.impl.ReminderServiceImpl - Found 0 due reminders
2026-04-17 01:43:33.717 [scheduling-1] DEBUG c.example.esp32_robot.scheduler.ReminderScheduler - Checking due reminders...
2026-04-17 01:43:33.718 [scheduling-1] INFO  c.e.esp32_robot.service.impl.ReminderServiceImpl - Fetching due reminders
2026-04-17 01:43:33.721 [scheduling-1] INFO  c.e.esp32_robot.service.impl.ReminderServiceImpl - Found 0 due reminders
2026-04-17 01:44:03.734 [scheduling-1] DEBUG c.example.esp32_robot.scheduler.ReminderScheduler - Checking due reminders...
2026-04-17 01:44:03.734 [scheduling-1] INFO  c.e.esp32_robot.service.impl.ReminderServiceImpl - Fetching due reminders
2026-04-17 01:44:03.736 [scheduling-1] INFO  c.e.esp32_robot.service.impl.ReminderServiceImpl - Found 0 due reminders
2026-04-17 01:44:33.746 [scheduling-1] DEBUG c.example.esp32_robot.scheduler.ReminderScheduler - Checking due reminders...
2026-04-17 01:44:33.746 [scheduling-1] INFO  c.e.esp32_robot.service.impl.ReminderServiceImpl - Fetching due reminders
2026-04-17 01:44:33.749 [scheduling-1] INFO  c.e.esp32_robot.service.impl.ReminderServiceImpl - Found 0 due reminders
2026-04-17 01:45:03.756 [scheduling-1] DEBUG c.example.esp32_robot.scheduler.ReminderScheduler - Checking due reminders...
2026-04-17 01:45:03.757 [scheduling-1] INFO  c.e.esp32_robot.service.impl.ReminderServiceImpl - Fetching due reminders
2026-04-17 01:45:03.759 [scheduling-1] INFO  c.e.esp32_robot.service.impl.ReminderServiceImpl - Found 0 due reminders
2026-04-17 01:45:33.761 [scheduling-1] DEBUG c.example.esp32_robot.scheduler.ReminderScheduler - Checking due reminders...
2026-04-17 01:45:33.762 [scheduling-1] INFO  c.e.esp32_robot.service.impl.ReminderServiceImpl - Fetching due reminders
2026-04-17 01:45:33.764 [scheduling-1] INFO  c.e.esp32_robot.service.impl.ReminderServiceImpl - Found 0 due reminders
2026-04-17 01:46:03.770 [scheduling-1] DEBUG c.example.esp32_robot.scheduler.ReminderScheduler - Checking due reminders...
2026-04-17 01:46:03.771 [scheduling-1] INFO  c.e.esp32_robot.service.impl.ReminderServiceImpl - Fetching due reminders
2026-04-17 01:46:03.774 [scheduling-1] INFO  c.e.esp32_robot.service.impl.ReminderServiceImpl - Found 0 due reminders
2026-04-17 01:46:33.786 [scheduling-1] DEBUG c.example.esp32_robot.scheduler.ReminderScheduler - Checking due reminders...
2026-04-17 01:46:33.786 [scheduling-1] INFO  c.e.esp32_robot.service.impl.ReminderServiceImpl - Fetching due reminders
2026-04-17 01:46:33.790 [scheduling-1] INFO  c.e.esp32_robot.service.impl.ReminderServiceImpl - Found 0 due reminders
2026-04-17 01:47:03.800 [scheduling-1] DEBUG c.example.esp32_robot.scheduler.ReminderScheduler - Checking due reminders...
2026-04-17 01:47:03.800 [scheduling-1] INFO  c.e.esp32_robot.service.impl.ReminderServiceImpl - Fetching due reminders
2026-04-17 01:47:03.803 [scheduling-1] INFO  c.e.esp32_robot.service.impl.ReminderServiceImpl - Found 0 due reminders
2026-04-17 01:47:33.816 [scheduling-1] DEBUG c.example.esp32_robot.scheduler.ReminderScheduler - Checking due reminders...
2026-04-17 01:47:33.817 [scheduling-1] INFO  c.e.esp32_robot.service.impl.ReminderServiceImpl - Fetching due reminders
2026-04-17 01:47:33.817 [scheduling-1] INFO  c.e.esp32_robot.service.impl.ReminderServiceImpl - Found 0 due reminders
2026-04-17 01:48:03.833 [scheduling-1] DEBUG c.example.esp32_robot.scheduler.ReminderScheduler - Checking due reminders...
2026-04-17 01:48:03.833 [scheduling-1] INFO  c.e.esp32_robot.service.impl.ReminderServiceImpl - Fetching due reminders
2026-04-17 01:48:03.836 [scheduling-1] INFO  c.e.esp32_robot.service.impl.ReminderServiceImpl - Found 0 due reminders
2026-04-17 01:48:33.838 [scheduling-1] DEBUG c.example.esp32_robot.scheduler.ReminderScheduler - Checking due reminders...
2026-04-17 01:48:33.839 [scheduling-1] INFO  c.e.esp32_robot.service.impl.ReminderServiceImpl - Fetching due reminders
2026-04-17 01:48:33.839 [scheduling-1] INFO  c.e.esp32_robot.service.impl.ReminderServiceImpl - Found 0 due reminders
2026-04-17 01:49:03.853 [scheduling-1] DEBUG c.example.esp32_robot.scheduler.ReminderScheduler - Checking due reminders...
2026-04-17 01:49:03.853 [scheduling-1] INFO  c.e.esp32_robot.service.impl.ReminderServiceImpl - Fetching due reminders
2026-04-17 01:49:03.855 [scheduling-1] INFO  c.e.esp32_robot.service.impl.ReminderServiceImpl - Found 0 due reminders
2026-04-17 01:49:33.863 [scheduling-1] DEBUG c.example.esp32_robot.scheduler.ReminderScheduler - Checking due reminders...
2026-04-17 01:49:33.863 [scheduling-1] INFO  c.e.esp32_robot.service.impl.ReminderServiceImpl - Fetching due reminders
2026-04-17 01:49:33.866 [scheduling-1] INFO  c.e.esp32_robot.service.impl.ReminderServiceImpl - Found 0 due reminders
2026-04-17 01:50:03.872 [scheduling-1] DEBUG c.example.esp32_robot.scheduler.ReminderScheduler - Checking due reminders...
2026-04-17 01:50:03.874 [scheduling-1] INFO  c.e.esp32_robot.service.impl.ReminderServiceImpl - Fetching due reminders
2026-04-17 01:50:03.877 [scheduling-1] INFO  c.e.esp32_robot.service.impl.ReminderServiceImpl - Found 0 due reminders
2026-04-17 01:50:33.888 [scheduling-1] DEBUG c.example.esp32_robot.scheduler.ReminderScheduler - Checking due reminders...
2026-04-17 01:50:33.889 [scheduling-1] INFO  c.e.esp32_robot.service.impl.ReminderServiceImpl - Fetching due reminders
2026-04-17 01:50:33.890 [scheduling-1] INFO  c.e.esp32_robot.service.impl.ReminderServiceImpl - Found 0 due reminders
2026-04-17 01:51:03.904 [scheduling-1] DEBUG c.example.esp32_robot.scheduler.ReminderScheduler - Checking due reminders...
2026-04-17 01:51:03.905 [scheduling-1] INFO  c.e.esp32_robot.service.impl.ReminderServiceImpl - Fetching due reminders
2026-04-17 01:51:03.908 [scheduling-1] INFO  c.e.esp32_robot.service.impl.ReminderServiceImpl - Found 0 due reminders
2026-04-17 01:51:33.917 [scheduling-1] DEBUG c.example.esp32_robot.scheduler.ReminderScheduler - Checking due reminders...
2026-04-17 01:51:33.917 [scheduling-1] INFO  c.e.esp32_robot.service.impl.ReminderServiceImpl - Fetching due reminders
2026-04-17 01:51:33.917 [scheduling-1] INFO  c.e.esp32_robot.service.impl.ReminderServiceImpl - Found 0 due reminders
2026-04-17 01:52:03.930 [scheduling-1] DEBUG c.example.esp32_robot.scheduler.ReminderScheduler - Checking due reminders...
2026-04-17 01:52:03.932 [scheduling-1] INFO  c.e.esp32_robot.service.impl.ReminderServiceImpl - Fetching due reminders
2026-04-17 01:52:03.932 [scheduling-1] INFO  c.e.esp32_robot.service.impl.ReminderServiceImpl - Found 0 due reminders
2026-04-17 01:52:33.943 [scheduling-1] DEBUG c.example.esp32_robot.scheduler.ReminderScheduler - Checking due reminders...
2026-04-17 01:52:33.945 [scheduling-1] INFO  c.e.esp32_robot.service.impl.ReminderServiceImpl - Fetching due reminders
2026-04-17 01:52:33.951 [scheduling-1] INFO  c.e.esp32_robot.service.impl.ReminderServiceImpl - Found 0 due reminders
2026-04-17 01:53:03.964 [scheduling-1] DEBUG c.example.esp32_robot.scheduler.ReminderScheduler - Checking due reminders...
2026-04-17 01:53:03.965 [scheduling-1] INFO  c.e.esp32_robot.service.impl.ReminderServiceImpl - Fetching due reminders
2026-04-17 01:53:03.965 [scheduling-1] INFO  c.e.esp32_robot.service.impl.ReminderServiceImpl - Found 0 due reminders
2026-04-17 01:53:33.983 [scheduling-1] DEBUG c.example.esp32_robot.scheduler.ReminderScheduler - Checking due reminders...
2026-04-17 01:53:33.983 [scheduling-1] INFO  c.e.esp32_robot.service.impl.ReminderServiceImpl - Fetching due reminders
2026-04-17 01:53:33.985 [scheduling-1] INFO  c.e.esp32_robot.service.impl.ReminderServiceImpl - Found 0 due reminders
2026-04-17 01:54:04.003 [scheduling-1] DEBUG c.example.esp32_robot.scheduler.ReminderScheduler - Checking due reminders...
2026-04-17 01:54:04.005 [scheduling-1] INFO  c.e.esp32_robot.service.impl.ReminderServiceImpl - Fetching due reminders
2026-04-17 01:54:04.007 [scheduling-1] INFO  c.e.esp32_robot.service.impl.ReminderServiceImpl - Found 0 due reminders
2026-04-17 01:54:34.014 [scheduling-1] DEBUG c.example.esp32_robot.scheduler.ReminderScheduler - Checking due reminders...
2026-04-17 01:54:34.014 [scheduling-1] INFO  c.e.esp32_robot.service.impl.ReminderServiceImpl - Fetching due reminders
2026-04-17 01:54:34.018 [scheduling-1] INFO  c.e.esp32_robot.service.impl.ReminderServiceImpl - Found 0 due reminders
2026-04-17 01:55:04.021 [scheduling-1] DEBUG c.example.esp32_robot.scheduler.ReminderScheduler - Checking due reminders...
2026-04-17 01:55:04.022 [scheduling-1] INFO  c.e.esp32_robot.service.impl.ReminderServiceImpl - Fetching due reminders
2026-04-17 01:55:04.022 [scheduling-1] INFO  c.e.esp32_robot.service.impl.ReminderServiceImpl - Found 0 due reminders
2026-04-17 01:55:34.037 [scheduling-1] DEBUG c.example.esp32_robot.scheduler.ReminderScheduler - Checking due reminders...
2026-04-17 01:55:34.038 [scheduling-1] INFO  c.e.esp32_robot.service.impl.ReminderServiceImpl - Fetching due reminders
2026-04-17 01:55:34.042 [scheduling-1] INFO  c.e.esp32_robot.service.impl.ReminderServiceImpl - Found 0 due reminders
2026-04-17 01:56:04.052 [scheduling-1] DEBUG c.example.esp32_robot.scheduler.ReminderScheduler - Checking due reminders...
2026-04-17 01:56:04.053 [scheduling-1] INFO  c.e.esp32_robot.service.impl.ReminderServiceImpl - Fetching due reminders
2026-04-17 01:56:04.055 [scheduling-1] INFO  c.e.esp32_robot.service.impl.ReminderServiceImpl - Found 0 due reminders
2026-04-17 01:56:34.066 [scheduling-1] DEBUG c.example.esp32_robot.scheduler.ReminderScheduler - Checking due reminders...
2026-04-17 01:56:34.066 [scheduling-1] INFO  c.e.esp32_robot.service.impl.ReminderServiceImpl - Fetching due reminders
2026-04-17 01:56:34.070 [scheduling-1] INFO  c.e.esp32_robot.service.impl.ReminderServiceImpl - Found 0 due reminders
2026-04-17 01:57:04.085 [scheduling-1] DEBUG c.example.esp32_robot.scheduler.ReminderScheduler - Checking due reminders...
2026-04-17 01:57:04.086 [scheduling-1] INFO  c.e.esp32_robot.service.impl.ReminderServiceImpl - Fetching due reminders
2026-04-17 01:57:04.090 [scheduling-1] INFO  c.e.esp32_robot.service.impl.ReminderServiceImpl - Found 0 due reminders
2026-04-17 01:57:34.095 [scheduling-1] DEBUG c.example.esp32_robot.scheduler.ReminderScheduler - Checking due reminders...
2026-04-17 01:57:34.096 [scheduling-1] INFO  c.e.esp32_robot.service.impl.ReminderServiceImpl - Fetching due reminders
2026-04-17 01:57:34.096 [scheduling-1] INFO  c.e.esp32_robot.service.impl.ReminderServiceImpl - Found 0 due reminders
2026-04-17 01:58:04.104 [scheduling-1] DEBUG c.example.esp32_robot.scheduler.ReminderScheduler - Checking due reminders...
2026-04-17 01:58:04.105 [scheduling-1] INFO  c.e.esp32_robot.service.impl.ReminderServiceImpl - Fetching due reminders
2026-04-17 01:58:04.107 [scheduling-1] INFO  c.e.esp32_robot.service.impl.ReminderServiceImpl - Found 0 due reminders
2026-04-17 01:58:34.113 [scheduling-1] DEBUG c.example.esp32_robot.scheduler.ReminderScheduler - Checking due reminders...
2026-04-17 01:58:34.113 [scheduling-1] INFO  c.e.esp32_robot.service.impl.ReminderServiceImpl - Fetching due reminders
2026-04-17 01:58:34.113 [scheduling-1] INFO  c.e.esp32_robot.service.impl.ReminderServiceImpl - Found 0 due reminders
2026-04-17 01:59:04.133 [scheduling-1] DEBUG c.example.esp32_robot.scheduler.ReminderScheduler - Checking due reminders...
2026-04-17 01:59:04.133 [scheduling-1] INFO  c.e.esp32_robot.service.impl.ReminderServiceImpl - Fetching due reminders
2026-04-17 01:59:04.133 [scheduling-1] INFO  c.e.esp32_robot.service.impl.ReminderServiceImpl - Found 0 due reminders
2026-04-17 01:59:34.137 [scheduling-1] DEBUG c.example.esp32_robot.scheduler.ReminderScheduler - Checking due reminders...
2026-04-17 01:59:34.137 [scheduling-1] INFO  c.e.esp32_robot.service.impl.ReminderServiceImpl - Fetching due reminders
2026-04-17 01:59:34.140 [scheduling-1] INFO  c.e.esp32_robot.service.impl.ReminderServiceImpl - Found 0 due reminders
2026-04-17 02:00:00.013 [scheduling-1] INFO  c.e.e.service.impl.NotificationServiceImpl - Running scheduled expired notification cleanup
2026-04-17 02:00:00.013 [scheduling-1] INFO  c.e.e.service.impl.NotificationServiceImpl - Deleting expired notifications
2026-04-17 02:00:00.130 [scheduling-1] INFO  c.e.e.service.impl.NotificationServiceImpl - Deleted 0 expired notifications
2026-04-17 02:00:04.153 [scheduling-1] DEBUG c.example.esp32_robot.scheduler.ReminderScheduler - Checking due reminders...
2026-04-17 02:00:04.155 [scheduling-1] INFO  c.e.esp32_robot.service.impl.ReminderServiceImpl - Fetching due reminders
2026-04-17 02:00:04.158 [scheduling-1] INFO  c.e.esp32_robot.service.impl.ReminderServiceImpl - Found 0 due reminders
2026-04-17 02:00:34.171 [scheduling-1] DEBUG c.example.esp32_robot.scheduler.ReminderScheduler - Checking due reminders...
2026-04-17 02:00:34.173 [scheduling-1] INFO  c.e.esp32_robot.service.impl.ReminderServiceImpl - Fetching due reminders
2026-04-17 02:00:34.175 [scheduling-1] INFO  c.e.esp32_robot.service.impl.ReminderServiceImpl - Found 0 due reminders
2026-04-17 02:01:00.900 [http-nio-8080-exec-3] INFO  org.springframework.web.servlet.DispatcherServlet - Initializing Servlet 'dispatcherServlet'
2026-04-17 02:01:00.911 [http-nio-8080-exec-3] INFO  org.springframework.web.servlet.DispatcherServlet - Completed initialization in 11 ms
2026-04-17 02:01:04.185 [scheduling-1] DEBUG c.example.esp32_robot.scheduler.ReminderScheduler - Checking due reminders...
2026-04-17 02:01:04.187 [scheduling-1] INFO  c.e.esp32_robot.service.impl.ReminderServiceImpl - Fetching due reminders
2026-04-17 02:01:04.187 [scheduling-1] INFO  c.e.esp32_robot.service.impl.ReminderServiceImpl - Found 0 due reminders
2026-04-17 02:01:34.204 [scheduling-1] DEBUG c.example.esp32_robot.scheduler.ReminderScheduler - Checking due reminders...
2026-04-17 02:01:34.206 [scheduling-1] INFO  c.e.esp32_robot.service.impl.ReminderServiceImpl - Fetching due reminders
2026-04-17 02:01:34.208 [scheduling-1] INFO  c.e.esp32_robot.service.impl.ReminderServiceImpl - Found 0 due reminders
2026-04-17 02:02:04.220 [scheduling-1] DEBUG c.example.esp32_robot.scheduler.ReminderScheduler - Checking due reminders...
2026-04-17 02:02:04.220 [scheduling-1] INFO  c.e.esp32_robot.service.impl.ReminderServiceImpl - Fetching due reminders
2026-04-17 02:02:04.220 [scheduling-1] INFO  c.e.esp32_robot.service.impl.ReminderServiceImpl - Found 0 due reminders
2026-04-17 02:02:34.237 [scheduling-1] DEBUG c.example.esp32_robot.scheduler.ReminderScheduler - Checking due reminders...
2026-04-17 02:02:34.239 [scheduling-1] INFO  c.e.esp32_robot.service.impl.ReminderServiceImpl - Fetching due reminders
2026-04-17 02:02:34.243 [scheduling-1] INFO  c.e.esp32_robot.service.impl.ReminderServiceImpl - Found 0 due reminders
2026-04-17 02:03:04.252 [scheduling-1] DEBUG c.example.esp32_robot.scheduler.ReminderScheduler - Checking due reminders...
2026-04-17 02:03:04.254 [scheduling-1] INFO  c.e.esp32_robot.service.impl.ReminderServiceImpl - Fetching due reminders
2026-04-17 02:03:04.257 [scheduling-1] INFO  c.e.esp32_robot.service.impl.ReminderServiceImpl - Found 0 due reminders
2026-04-17 02:03:34.268 [scheduling-1] DEBUG c.example.esp32_robot.scheduler.ReminderScheduler - Checking due reminders...
2026-04-17 02:03:34.268 [scheduling-1] INFO  c.e.esp32_robot.service.impl.ReminderServiceImpl - Fetching due reminders
2026-04-17 02:03:34.270 [scheduling-1] INFO  c.e.esp32_robot.service.impl.ReminderServiceImpl - Found 0 due reminders
2026-04-17 02:04:04.276 [scheduling-1] DEBUG c.example.esp32_robot.scheduler.ReminderScheduler - Checking due reminders...
2026-04-17 02:04:04.276 [scheduling-1] INFO  c.e.esp32_robot.service.impl.ReminderServiceImpl - Fetching due reminders
2026-04-17 02:04:04.279 [scheduling-1] INFO  c.e.esp32_robot.service.impl.ReminderServiceImpl - Found 0 due reminders
2026-04-17 02:04:34.285 [scheduling-1] DEBUG c.example.esp32_robot.scheduler.ReminderScheduler - Checking due reminders...
2026-04-17 02:04:34.288 [scheduling-1] INFO  c.e.esp32_robot.service.impl.ReminderServiceImpl - Fetching due reminders
2026-04-17 02:04:34.294 [scheduling-1] INFO  c.e.esp32_robot.service.impl.ReminderServiceImpl - Found 0 due reminders
2026-04-17 02:05:04.302 [scheduling-1] DEBUG c.example.esp32_robot.scheduler.ReminderScheduler - Checking due reminders...
2026-04-17 02:05:04.303 [scheduling-1] INFO  c.e.esp32_robot.service.impl.ReminderServiceImpl - Fetching due reminders
2026-04-17 02:05:04.307 [scheduling-1] INFO  c.e.esp32_robot.service.impl.ReminderServiceImpl - Found 0 due reminders
2026-04-17 02:05:34.323 [scheduling-1] DEBUG c.example.esp32_robot.scheduler.ReminderScheduler - Checking due reminders...
2026-04-17 02:05:34.324 [scheduling-1] INFO  c.e.esp32_robot.service.impl.ReminderServiceImpl - Fetching due reminders
2026-04-17 02:05:34.327 [scheduling-1] INFO  c.e.esp32_robot.service.impl.ReminderServiceImpl - Found 0 due reminders
2026-04-17 02:06:04.336 [scheduling-1] DEBUG c.example.esp32_robot.scheduler.ReminderScheduler - Checking due reminders...
2026-04-17 02:06:04.336 [scheduling-1] INFO  c.e.esp32_robot.service.impl.ReminderServiceImpl - Fetching due reminders
2026-04-17 02:06:04.336 [scheduling-1] INFO  c.e.esp32_robot.service.impl.ReminderServiceImpl - Found 0 due reminders
2026-04-17 02:06:34.357 [scheduling-1] DEBUG c.example.esp32_robot.scheduler.ReminderScheduler - Checking due reminders...
2026-04-17 02:06:34.358 [scheduling-1] INFO  c.e.esp32_robot.service.impl.ReminderServiceImpl - Fetching due reminders
2026-04-17 02:06:34.360 [scheduling-1] INFO  c.e.esp32_robot.service.impl.ReminderServiceImpl - Found 0 due reminders
2026-04-17 02:07:04.365 [scheduling-1] DEBUG c.example.esp32_robot.scheduler.ReminderScheduler - Checking due reminders...
2026-04-17 02:07:04.367 [scheduling-1] INFO  c.e.esp32_robot.service.impl.ReminderServiceImpl - Fetching due reminders
2026-04-17 02:07:04.368 [scheduling-1] INFO  c.e.esp32_robot.service.impl.ReminderServiceImpl - Found 0 due reminders
2026-04-17 02:07:34.378 [scheduling-1] DEBUG c.example.esp32_robot.scheduler.ReminderScheduler - Checking due reminders...
2026-04-17 02:07:34.378 [scheduling-1] INFO  c.e.esp32_robot.service.impl.ReminderServiceImpl - Fetching due reminders
2026-04-17 02:07:34.383 [scheduling-1] INFO  c.e.esp32_robot.service.impl.ReminderServiceImpl - Found 0 due reminders
2026-04-17 02:08:04.386 [scheduling-1] DEBUG c.example.esp32_robot.scheduler.ReminderScheduler - Checking due reminders...
2026-04-17 02:08:04.387 [scheduling-1] INFO  c.e.esp32_robot.service.impl.ReminderServiceImpl - Fetching due reminders
2026-04-17 02:08:04.390 [scheduling-1] INFO  c.e.esp32_robot.service.impl.ReminderServiceImpl - Found 0 due reminders
2026-04-17 02:08:34.401 [scheduling-1] DEBUG c.example.esp32_robot.scheduler.ReminderScheduler - Checking due reminders...
2026-04-17 02:08:34.402 [scheduling-1] INFO  c.e.esp32_robot.service.impl.ReminderServiceImpl - Fetching due reminders
2026-04-17 02:08:34.404 [scheduling-1] INFO  c.e.esp32_robot.service.impl.ReminderServiceImpl - Found 0 due reminders
2026-04-17 02:09:04.407 [scheduling-1] DEBUG c.example.esp32_robot.scheduler.ReminderScheduler - Checking due reminders...
2026-04-17 02:09:04.407 [scheduling-1] INFO  c.e.esp32_robot.service.impl.ReminderServiceImpl - Fetching due reminders
2026-04-17 02:09:04.407 [scheduling-1] INFO  c.e.esp32_robot.service.impl.ReminderServiceImpl - Found 0 due reminders
2026-04-17 02:09:34.422 [scheduling-1] DEBUG c.example.esp32_robot.scheduler.ReminderScheduler - Checking due reminders...
2026-04-17 02:09:34.422 [scheduling-1] INFO  c.e.esp32_robot.service.impl.ReminderServiceImpl - Fetching due reminders
2026-04-17 02:09:34.422 [scheduling-1] INFO  c.e.esp32_robot.service.impl.ReminderServiceImpl - Found 0 due reminders
2026-04-17 02:10:04.435 [scheduling-1] DEBUG c.example.esp32_robot.scheduler.ReminderScheduler - Checking due reminders...
2026-04-17 02:10:04.436 [scheduling-1] INFO  c.e.esp32_robot.service.impl.ReminderServiceImpl - Fetching due reminders
2026-04-17 02:10:04.438 [scheduling-1] INFO  c.e.esp32_robot.service.impl.ReminderServiceImpl - Found 0 due reminders
2026-04-17 02:10:34.449 [scheduling-1] DEBUG c.example.esp32_robot.scheduler.ReminderScheduler - Checking due reminders...
2026-04-17 02:10:34.450 [scheduling-1] INFO  c.e.esp32_robot.service.impl.ReminderServiceImpl - Fetching due reminders
2026-04-17 02:10:34.450 [scheduling-1] INFO  c.e.esp32_robot.service.impl.ReminderServiceImpl - Found 0 due reminders
2026-04-17 02:11:04.462 [scheduling-1] DEBUG c.example.esp32_robot.scheduler.ReminderScheduler - Checking due reminders...
2026-04-17 02:11:04.463 [scheduling-1] INFO  c.e.esp32_robot.service.impl.ReminderServiceImpl - Fetching due reminders
2026-04-17 02:11:04.465 [scheduling-1] INFO  c.e.esp32_robot.service.impl.ReminderServiceImpl - Found 0 due reminders
2026-04-17 02:11:34.468 [scheduling-1] DEBUG c.example.esp32_robot.scheduler.ReminderScheduler - Checking due reminders...
2026-04-17 02:11:34.469 [scheduling-1] INFO  c.e.esp32_robot.service.impl.ReminderServiceImpl - Fetching due reminders
2026-04-17 02:11:34.472 [scheduling-1] INFO  c.e.esp32_robot.service.impl.ReminderServiceImpl - Found 0 due reminders
2026-04-17 02:12:04.483 [scheduling-1] DEBUG c.example.esp32_robot.scheduler.ReminderScheduler - Checking due reminders...
2026-04-17 02:12:04.483 [scheduling-1] INFO  c.e.esp32_robot.service.impl.ReminderServiceImpl - Fetching due reminders
2026-04-17 02:12:04.487 [scheduling-1] INFO  c.e.esp32_robot.service.impl.ReminderServiceImpl - Found 0 due reminders
2026-04-17 02:12:34.502 [scheduling-1] DEBUG c.example.esp32_robot.scheduler.ReminderScheduler - Checking due reminders...
2026-04-17 02:12:34.502 [scheduling-1] INFO  c.e.esp32_robot.service.impl.ReminderServiceImpl - Fetching due reminders
2026-04-17 02:12:34.504 [scheduling-1] INFO  c.e.esp32_robot.service.impl.ReminderServiceImpl - Found 0 due reminders
2026-04-17 02:13:04.510 [scheduling-1] DEBUG c.example.esp32_robot.scheduler.ReminderScheduler - Checking due reminders...
2026-04-17 02:13:04.510 [scheduling-1] INFO  c.e.esp32_robot.service.impl.ReminderServiceImpl - Fetching due reminders
2026-04-17 02:13:04.513 [scheduling-1] INFO  c.e.esp32_robot.service.impl.ReminderServiceImpl - Found 0 due reminders
2026-04-17 02:13:34.520 [scheduling-1] DEBUG c.example.esp32_robot.scheduler.ReminderScheduler - Checking due reminders...
2026-04-17 02:13:34.520 [scheduling-1] INFO  c.e.esp32_robot.service.impl.ReminderServiceImpl - Fetching due reminders
2026-04-17 02:13:34.520 [scheduling-1] INFO  c.e.esp32_robot.service.impl.ReminderServiceImpl - Found 0 due reminders
2026-04-17 02:14:04.529 [scheduling-1] DEBUG c.example.esp32_robot.scheduler.ReminderScheduler - Checking due reminders...
2026-04-17 02:14:04.529 [scheduling-1] INFO  c.e.esp32_robot.service.impl.ReminderServiceImpl - Fetching due reminders
2026-04-17 02:14:04.532 [scheduling-1] INFO  c.e.esp32_robot.service.impl.ReminderServiceImpl - Found 0 due reminders
2026-04-17 02:14:34.543 [scheduling-1] DEBUG c.example.esp32_robot.scheduler.ReminderScheduler - Checking due reminders...
2026-04-17 02:14:34.543 [scheduling-1] INFO  c.e.esp32_robot.service.impl.ReminderServiceImpl - Fetching due reminders
2026-04-17 02:14:34.545 [scheduling-1] INFO  c.e.esp32_robot.service.impl.ReminderServiceImpl - Found 0 due reminders
2026-04-17 02:15:04.559 [scheduling-1] DEBUG c.example.esp32_robot.scheduler.ReminderScheduler - Checking due reminders...
2026-04-17 02:15:04.560 [scheduling-1] INFO  c.e.esp32_robot.service.impl.ReminderServiceImpl - Fetching due reminders
2026-04-17 02:15:04.562 [scheduling-1] INFO  c.e.esp32_robot.service.impl.ReminderServiceImpl - Found 0 due reminders
2026-04-17 02:15:34.575 [scheduling-1] DEBUG c.example.esp32_robot.scheduler.ReminderScheduler - Checking due reminders...
2026-04-17 02:15:34.575 [scheduling-1] INFO  c.e.esp32_robot.service.impl.ReminderServiceImpl - Fetching due reminders
2026-04-17 02:15:34.577 [scheduling-1] INFO  c.e.esp32_robot.service.impl.ReminderServiceImpl - Found 0 due reminders
2026-04-17 02:16:04.588 [scheduling-1] DEBUG c.example.esp32_robot.scheduler.ReminderScheduler - Checking due reminders...
2026-04-17 02:16:04.589 [scheduling-1] INFO  c.e.esp32_robot.service.impl.ReminderServiceImpl - Fetching due reminders
2026-04-17 02:16:04.593 [scheduling-1] INFO  c.e.esp32_robot.service.impl.ReminderServiceImpl - Found 0 due reminders
2026-04-17 02:16:34.598 [scheduling-1] DEBUG c.example.esp32_robot.scheduler.ReminderScheduler - Checking due reminders...
2026-04-17 02:16:34.598 [scheduling-1] INFO  c.e.esp32_robot.service.impl.ReminderServiceImpl - Fetching due reminders
2026-04-17 02:16:34.600 [scheduling-1] INFO  c.e.esp32_robot.service.impl.ReminderServiceImpl - Found 0 due reminders
2026-04-17 02:17:04.608 [scheduling-1] DEBUG c.example.esp32_robot.scheduler.ReminderScheduler - Checking due reminders...
2026-04-17 02:17:04.608 [scheduling-1] INFO  c.e.esp32_robot.service.impl.ReminderServiceImpl - Fetching due reminders
2026-04-17 02:17:04.610 [scheduling-1] INFO  c.e.esp32_robot.service.impl.ReminderServiceImpl - Found 0 due reminders
2026-04-17 02:17:34.618 [scheduling-1] DEBUG c.example.esp32_robot.scheduler.ReminderScheduler - Checking due reminders...
2026-04-17 02:17:34.619 [scheduling-1] INFO  c.e.esp32_robot.service.impl.ReminderServiceImpl - Fetching due reminders
2026-04-17 02:17:34.620 [scheduling-1] INFO  c.e.esp32_robot.service.impl.ReminderServiceImpl - Found 0 due reminders
2026-04-17 02:18:04.631 [scheduling-1] DEBUG c.example.esp32_robot.scheduler.ReminderScheduler - Checking due reminders...
2026-04-17 02:18:04.632 [scheduling-1] INFO  c.e.esp32_robot.service.impl.ReminderServiceImpl - Fetching due reminders
2026-04-17 02:18:04.635 [scheduling-1] INFO  c.e.esp32_robot.service.impl.ReminderServiceImpl - Found 0 due reminders
2026-04-17 02:18:16.211 [SpringApplicationShutdownHook] INFO  o.s.orm.jpa.LocalContainerEntityManagerFactoryBean - Closing JPA EntityManagerFactory for persistence unit 'default'
2026-04-17 02:18:16.219 [SpringApplicationShutdownHook] INFO  com.zaxxer.hikari.HikariDataSource - HikariPool-1 - Shutdown initiated...
2026-04-17 02:18:16.223 [SpringApplicationShutdownHook] INFO  com.zaxxer.hikari.HikariDataSource - HikariPool-1 - Shutdown completed.
2026-04-17 11:22:36.041 [restartedMain] INFO  com.example.esp32_robot.Esp32RobotApplication - Starting Esp32RobotApplication using Java 17.0.17 with PID 22884 (E:\esp32-robot\esp32-backend\target\classes started by 27863 in E:\esp32-robot\esp32-backend)
2026-04-17 11:22:36.042 [restartedMain] DEBUG com.example.esp32_robot.Esp32RobotApplication - Running with Spring Boot v3.2.5, Spring v6.1.6
2026-04-17 11:22:36.044 [restartedMain] INFO  com.example.esp32_robot.Esp32RobotApplication - No active profile set, falling back to 1 default profile: "default"
2026-04-17 11:22:36.126 [restartedMain] INFO  o.s.b.d.env.DevToolsPropertyDefaultsPostProcessor - Devtools property defaults active! Set 'spring.devtools.add-properties' to 'false' to disable
2026-04-17 11:22:36.126 [restartedMain] INFO  o.s.b.d.env.DevToolsPropertyDefaultsPostProcessor - For additional web related logging consider setting the 'logging.level.web' property to 'DEBUG'
2026-04-17 11:22:37.754 [restartedMain] INFO  o.s.d.r.config.RepositoryConfigurationDelegate - Bootstrapping Spring Data JPA repositories in DEFAULT mode.
2026-04-17 11:22:37.982 [restartedMain] INFO  o.s.d.r.config.RepositoryConfigurationDelegate - Finished Spring Data repository scanning in 211 ms. Found 8 JPA repository interfaces.
2026-04-17 11:22:39.910 [restartedMain] INFO  o.s.boot.web.embedded.tomcat.TomcatWebServer - Tomcat initialized with port 8080 (http)
2026-04-17 11:22:39.947 [restartedMain] INFO  org.apache.coyote.http11.Http11NioProtocol - Initializing ProtocolHandler ["http-nio-8080"]
2026-04-17 11:22:39.953 [restartedMain] INFO  org.apache.catalina.core.StandardService - Starting service [Tomcat]
2026-04-17 11:22:39.954 [restartedMain] INFO  org.apache.catalina.core.StandardEngine - Starting Servlet engine: [Apache Tomcat/10.1.20]
2026-04-17 11:22:40.167 [restartedMain] INFO  o.a.c.core.ContainerBase.[Tomcat].[localhost].[/] - Initializing Spring embedded WebApplicationContext
2026-04-17 11:22:40.169 [restartedMain] INFO  o.s.b.w.s.c.ServletWebServerApplicationContext - Root WebApplicationContext: initialization completed in 4041 ms
2026-04-17 11:22:41.777 [restartedMain] INFO  o.s.o.j.persistenceunit.SpringPersistenceUnitInfo - No LoadTimeWeaver setup: ignoring JPA class transformer
2026-04-17 11:22:41.847 [restartedMain] INFO  com.zaxxer.hikari.HikariDataSource - HikariPool-1 - Starting...
2026-04-17 11:22:43.105 [restartedMain] ERROR com.zaxxer.hikari.pool.HikariPool - HikariPool-1 - Exception during pool initialization.
java.sql.SQLNonTransientConnectionException: Public Key Retrieval is not allowed
	at com.mysql.cj.jdbc.exceptions.SQLError.createSQLException(SQLError.java:111)
	at com.mysql.cj.jdbc.exceptions.SQLExceptionsMapping.translateException(SQLExceptionsMapping.java:122)
	at com.mysql.cj.jdbc.ConnectionImpl.createNewIO(ConnectionImpl.java:815)
	at com.mysql.cj.jdbc.ConnectionImpl.<init>(ConnectionImpl.java:438)
	at com.mysql.cj.jdbc.ConnectionImpl.getInstance(ConnectionImpl.java:241)
	at com.mysql.cj.jdbc.NonRegisteringDriver.connect(NonRegisteringDriver.java:189)
	at com.zaxxer.hikari.util.DriverDataSource.getConnection(DriverDataSource.java:138)
	at com.zaxxer.hikari.pool.PoolBase.newConnection(PoolBase.java:359)
	at com.zaxxer.hikari.pool.PoolBase.newPoolEntry(PoolBase.java:201)
	at com.zaxxer.hikari.pool.HikariPool.createPoolEntry(HikariPool.java:470)
	at com.zaxxer.hikari.pool.HikariPool.checkFailFast(HikariPool.java:561)
	at com.zaxxer.hikari.pool.HikariPool.<init>(HikariPool.java:100)
	at com.zaxxer.hikari.HikariDataSource.getConnection(HikariDataSource.java:112)
	at org.hibernate.engine.jdbc.connections.internal.DatasourceConnectionProviderImpl.getConnection(DatasourceConnectionProviderImpl.java:122)
	at org.hibernate.engine.jdbc.env.internal.JdbcEnvironmentInitiator$ConnectionProviderJdbcConnectionAccess.obtainConnection(JdbcEnvironmentInitiator.java:428)
	at org.hibernate.resource.transaction.backend.jdbc.internal.JdbcIsolationDelegate.delegateWork(JdbcIsolationDelegate.java:61)
	at org.hibernate.engine.jdbc.env.internal.JdbcEnvironmentInitiator.getJdbcEnvironmentUsingJdbcMetadata(JdbcEnvironmentInitiator.java:276)
	at org.hibernate.engine.jdbc.env.internal.JdbcEnvironmentInitiator.initiateService(JdbcEnvironmentInitiator.java:107)
	at org.hibernate.engine.jdbc.env.internal.JdbcEnvironmentInitiator.initiateService(JdbcEnvironmentInitiator.java:68)
	at org.hibernate.boot.registry.internal.StandardServiceRegistryImpl.initiateService(StandardServiceRegistryImpl.java:130)
	at org.hibernate.service.internal.AbstractServiceRegistryImpl.createService(AbstractServiceRegistryImpl.java:263)
	at org.hibernate.service.internal.AbstractServiceRegistryImpl.initializeService(AbstractServiceRegistryImpl.java:238)
	at org.hibernate.service.internal.AbstractServiceRegistryImpl.getService(AbstractServiceRegistryImpl.java:215)
	at org.hibernate.boot.model.relational.Database.<init>(Database.java:45)
	at org.hibernate.boot.internal.InFlightMetadataCollectorImpl.getDatabase(InFlightMetadataCollectorImpl.java:223)
	at org.hibernate.boot.internal.InFlightMetadataCollectorImpl.<init>(InFlightMetadataCollectorImpl.java:191)
	at org.hibernate.boot.model.process.spi.MetadataBuildingProcess.complete(MetadataBuildingProcess.java:170)
	at org.hibernate.jpa.boot.internal.EntityManagerFactoryBuilderImpl.metadata(EntityManagerFactoryBuilderImpl.java:1432)
	at org.hibernate.jpa.boot.internal.EntityManagerFactoryBuilderImpl.build(EntityManagerFactoryBuilderImpl.java:1503)
	at org.springframework.orm.jpa.vendor.SpringHibernateJpaPersistenceProvider.createContainerEntityManagerFactory(SpringHibernateJpaPersistenceProvider.java:75)
	at org.springframework.orm.jpa.LocalContainerEntityManagerFactoryBean.createNativeEntityManagerFactory(LocalContainerEntityManagerFactoryBean.java:390)
	at org.springframework.orm.jpa.AbstractEntityManagerFactoryBean.buildNativeEntityManagerFactory(AbstractEntityManagerFactoryBean.java:409)
	at org.springframework.orm.jpa.AbstractEntityManagerFactoryBean.afterPropertiesSet(AbstractEntityManagerFactoryBean.java:396)
	at org.springframework.orm.jpa.LocalContainerEntityManagerFactoryBean.afterPropertiesSet(LocalContainerEntityManagerFactoryBean.java:366)
	at org.springframework.beans.factory.support.AbstractAutowireCapableBeanFactory.invokeInitMethods(AbstractAutowireCapableBeanFactory.java:1833)
	at org.springframework.beans.factory.support.AbstractAutowireCapableBeanFactory.initializeBean(AbstractAutowireCapableBeanFactory.java:1782)
	at org.springframework.beans.factory.support.AbstractAutowireCapableBeanFactory.doCreateBean(AbstractAutowireCapableBeanFactory.java:600)
	at org.springframework.beans.factory.support.AbstractAutowireCapableBeanFactory.createBean(AbstractAutowireCapableBeanFactory.java:522)
	at org.springframework.beans.factory.support.AbstractBeanFactory.lambda$doGetBean$0(AbstractBeanFactory.java:326)
	at org.springframework.beans.factory.support.DefaultSingletonBeanRegistry.getSingleton(DefaultSingletonBeanRegistry.java:234)
	at org.springframework.beans.factory.support.AbstractBeanFactory.doGetBean(AbstractBeanFactory.java:324)
	at org.springframework.beans.factory.support.AbstractBeanFactory.getBean(AbstractBeanFactory.java:200)
	at org.springframework.context.support.AbstractApplicationContext.getBean(AbstractApplicationContext.java:1234)
	at org.springframework.context.support.AbstractApplicationContext.finishBeanFactoryInitialization(AbstractApplicationContext.java:952)
	at org.springframework.context.support.AbstractApplicationContext.refresh(AbstractApplicationContext.java:624)
	at org.springframework.boot.web.servlet.context.ServletWebServerApplicationContext.refresh(ServletWebServerApplicationContext.java:146)
	at org.springframework.boot.SpringApplication.refresh(SpringApplication.java:754)
	at org.springframework.boot.SpringApplication.refreshContext(SpringApplication.java:456)
	at org.springframework.boot.SpringApplication.run(SpringApplication.java:334)
	at org.springframework.boot.SpringApplication.run(SpringApplication.java:1354)
	at org.springframework.boot.SpringApplication.run(SpringApplication.java:1343)
	at com.example.esp32_robot.Esp32RobotApplication.main(Esp32RobotApplication.java:12)
	at java.base/jdk.internal.reflect.NativeMethodAccessorImpl.invoke0(Native Method)
	at java.base/jdk.internal.reflect.NativeMethodAccessorImpl.invoke(NativeMethodAccessorImpl.java:77)
	at java.base/jdk.internal.reflect.DelegatingMethodAccessorImpl.invoke(DelegatingMethodAccessorImpl.java:43)
	at java.base/java.lang.reflect.Method.invoke(Method.java:569)
	at org.springframework.boot.devtools.restart.RestartLauncher.run(RestartLauncher.java:50)
Caused by: com.mysql.cj.exceptions.UnableToConnectException: Public Key Retrieval is not allowed
	at java.base/jdk.internal.reflect.NativeConstructorAccessorImpl.newInstance0(Native Method)
	at java.base/jdk.internal.reflect.NativeConstructorAccessorImpl.newInstance(NativeConstructorAccessorImpl.java:77)
	at java.base/jdk.internal.reflect.DelegatingConstructorAccessorImpl.newInstance(DelegatingConstructorAccessorImpl.java:45)
	at java.base/java.lang.reflect.Constructor.newInstanceWithCaller(Constructor.java:500)
	at java.base/java.lang.reflect.Constructor.newInstance(Constructor.java:481)
	at com.mysql.cj.exceptions.ExceptionFactory.createException(ExceptionFactory.java:61)
	at com.mysql.cj.exceptions.ExceptionFactory.createException(ExceptionFactory.java:85)
	at com.mysql.cj.protocol.a.authentication.CachingSha2PasswordPlugin.nextAuthenticationStep(CachingSha2PasswordPlugin.java:131)
	at com.mysql.cj.protocol.a.authentication.CachingSha2PasswordPlugin.nextAuthenticationStep(CachingSha2PasswordPlugin.java:49)
	at com.mysql.cj.protocol.a.NativeAuthenticationProvider.proceedHandshakeWithPluggableAuthentication(NativeAuthenticationProvider.java:446)
	at com.mysql.cj.protocol.a.NativeAuthenticationProvider.connect(NativeAuthenticationProvider.java:215)
	at com.mysql.cj.protocol.a.NativeProtocol.connect(NativeProtocol.java:1428)
	at com.mysql.cj.NativeSession.connect(NativeSession.java:133)
	at com.mysql.cj.jdbc.ConnectionImpl.connectOneTryOnly(ConnectionImpl.java:935)
	at com.mysql.cj.jdbc.ConnectionImpl.createNewIO(ConnectionImpl.java:805)
	... 54 common frames omitted
2026-04-17 11:22:43.110 [restartedMain] WARN  o.h.e.jdbc.env.internal.JdbcEnvironmentInitiator - HHH000342: Could not obtain connection to query metadata
java.lang.NullPointerException: Cannot invoke "org.hibernate.engine.jdbc.spi.SqlExceptionHelper.convert(java.sql.SQLException, String)" because the return value of "org.hibernate.resource.transaction.backend.jdbc.internal.JdbcIsolationDelegate.sqlExceptionHelper()" is null
	at org.hibernate.resource.transaction.backend.jdbc.internal.JdbcIsolationDelegate.delegateWork(JdbcIsolationDelegate.java:116)
	at org.hibernate.engine.jdbc.env.internal.JdbcEnvironmentInitiator.getJdbcEnvironmentUsingJdbcMetadata(JdbcEnvironmentInitiator.java:276)
	at org.hibernate.engine.jdbc.env.internal.JdbcEnvironmentInitiator.initiateService(JdbcEnvironmentInitiator.java:107)
	at org.hibernate.engine.jdbc.env.internal.JdbcEnvironmentInitiator.initiateService(JdbcEnvironmentInitiator.java:68)
	at org.hibernate.boot.registry.internal.StandardServiceRegistryImpl.initiateService(StandardServiceRegistryImpl.java:130)
	at org.hibernate.service.internal.AbstractServiceRegistryImpl.createService(AbstractServiceRegistryImpl.java:263)
	at org.hibernate.service.internal.AbstractServiceRegistryImpl.initializeService(AbstractServiceRegistryImpl.java:238)
	at org.hibernate.service.internal.AbstractServiceRegistryImpl.getService(AbstractServiceRegistryImpl.java:215)
	at org.hibernate.boot.model.relational.Database.<init>(Database.java:45)
	at org.hibernate.boot.internal.InFlightMetadataCollectorImpl.getDatabase(InFlightMetadataCollectorImpl.java:223)
	at org.hibernate.boot.internal.InFlightMetadataCollectorImpl.<init>(InFlightMetadataCollectorImpl.java:191)
	at org.hibernate.boot.model.process.spi.MetadataBuildingProcess.complete(MetadataBuildingProcess.java:170)
	at org.hibernate.jpa.boot.internal.EntityManagerFactoryBuilderImpl.metadata(EntityManagerFactoryBuilderImpl.java:1432)
	at org.hibernate.jpa.boot.internal.EntityManagerFactoryBuilderImpl.build(EntityManagerFactoryBuilderImpl.java:1503)
	at org.springframework.orm.jpa.vendor.SpringHibernateJpaPersistenceProvider.createContainerEntityManagerFactory(SpringHibernateJpaPersistenceProvider.java:75)
	at org.springframework.orm.jpa.LocalContainerEntityManagerFactoryBean.createNativeEntityManagerFactory(LocalContainerEntityManagerFactoryBean.java:390)
	at org.springframework.orm.jpa.AbstractEntityManagerFactoryBean.buildNativeEntityManagerFactory(AbstractEntityManagerFactoryBean.java:409)
	at org.springframework.orm.jpa.AbstractEntityManagerFactoryBean.afterPropertiesSet(AbstractEntityManagerFactoryBean.java:396)
	at org.springframework.orm.jpa.LocalContainerEntityManagerFactoryBean.afterPropertiesSet(LocalContainerEntityManagerFactoryBean.java:366)
	at org.springframework.beans.factory.support.AbstractAutowireCapableBeanFactory.invokeInitMethods(AbstractAutowireCapableBeanFactory.java:1833)
	at org.springframework.beans.factory.support.AbstractAutowireCapableBeanFactory.initializeBean(AbstractAutowireCapableBeanFactory.java:1782)
	at org.springframework.beans.factory.support.AbstractAutowireCapableBeanFactory.doCreateBean(AbstractAutowireCapableBeanFactory.java:600)
	at org.springframework.beans.factory.support.AbstractAutowireCapableBeanFactory.createBean(AbstractAutowireCapableBeanFactory.java:522)
	at org.springframework.beans.factory.support.AbstractBeanFactory.lambda$doGetBean$0(AbstractBeanFactory.java:326)
	at org.springframework.beans.factory.support.DefaultSingletonBeanRegistry.getSingleton(DefaultSingletonBeanRegistry.java:234)
	at org.springframework.beans.factory.support.AbstractBeanFactory.doGetBean(AbstractBeanFactory.java:324)
	at org.springframework.beans.factory.support.AbstractBeanFactory.getBean(AbstractBeanFactory.java:200)
	at org.springframework.context.support.AbstractApplicationContext.getBean(AbstractApplicationContext.java:1234)
	at org.springframework.context.support.AbstractApplicationContext.finishBeanFactoryInitialization(AbstractApplicationContext.java:952)
	at org.springframework.context.support.AbstractApplicationContext.refresh(AbstractApplicationContext.java:624)
	at org.springframework.boot.web.servlet.context.ServletWebServerApplicationContext.refresh(ServletWebServerApplicationContext.java:146)
	at org.springframework.boot.SpringApplication.refresh(SpringApplication.java:754)
	at org.springframework.boot.SpringApplication.refreshContext(SpringApplication.java:456)
	at org.springframework.boot.SpringApplication.run(SpringApplication.java:334)
	at org.springframework.boot.SpringApplication.run(SpringApplication.java:1354)
	at org.springframework.boot.SpringApplication.run(SpringApplication.java:1343)
	at com.example.esp32_robot.Esp32RobotApplication.main(Esp32RobotApplication.java:12)
	at java.base/jdk.internal.reflect.NativeMethodAccessorImpl.invoke0(Native Method)
	at java.base/jdk.internal.reflect.NativeMethodAccessorImpl.invoke(NativeMethodAccessorImpl.java:77)
	at java.base/jdk.internal.reflect.DelegatingMethodAccessorImpl.invoke(DelegatingMethodAccessorImpl.java:43)
	at java.base/java.lang.reflect.Method.invoke(Method.java:569)
	at org.springframework.boot.devtools.restart.RestartLauncher.run(RestartLauncher.java:50)
2026-04-17 11:22:43.141 [restartedMain] WARN  org.hibernate.orm.deprecation - HHH90000025: MySQL8Dialect does not need to be specified explicitly using 'hibernate.dialect' (remove the property setting and it will be selected by default)
2026-04-17 11:22:43.144 [restartedMain] WARN  org.hibernate.orm.deprecation - HHH90000026: MySQL8Dialect has been deprecated; use org.hibernate.dialect.MySQLDialect instead
2026-04-17 11:22:45.310 [restartedMain] INFO  com.zaxxer.hikari.HikariDataSource - HikariPool-1 - Starting...
2026-04-17 11:22:46.333 [restartedMain] ERROR com.zaxxer.hikari.pool.HikariPool - HikariPool-1 - Exception during pool initialization.
java.sql.SQLNonTransientConnectionException: Public Key Retrieval is not allowed
	at com.mysql.cj.jdbc.exceptions.SQLError.createSQLException(SQLError.java:111)
	at com.mysql.cj.jdbc.exceptions.SQLExceptionsMapping.translateException(SQLExceptionsMapping.java:122)
	at com.mysql.cj.jdbc.ConnectionImpl.createNewIO(ConnectionImpl.java:815)
	at com.mysql.cj.jdbc.ConnectionImpl.<init>(ConnectionImpl.java:438)
	at com.mysql.cj.jdbc.ConnectionImpl.getInstance(ConnectionImpl.java:241)
	at com.mysql.cj.jdbc.NonRegisteringDriver.connect(NonRegisteringDriver.java:189)
	at com.zaxxer.hikari.util.DriverDataSource.getConnection(DriverDataSource.java:138)
	at com.zaxxer.hikari.pool.PoolBase.newConnection(PoolBase.java:359)
	at com.zaxxer.hikari.pool.PoolBase.newPoolEntry(PoolBase.java:201)
	at com.zaxxer.hikari.pool.HikariPool.createPoolEntry(HikariPool.java:470)
	at com.zaxxer.hikari.pool.HikariPool.checkFailFast(HikariPool.java:561)
	at com.zaxxer.hikari.pool.HikariPool.<init>(HikariPool.java:100)
	at com.zaxxer.hikari.HikariDataSource.getConnection(HikariDataSource.java:112)
	at org.hibernate.engine.jdbc.connections.internal.DatasourceConnectionProviderImpl.getConnection(DatasourceConnectionProviderImpl.java:122)
	at org.hibernate.engine.jdbc.env.internal.JdbcEnvironmentInitiator$ConnectionProviderJdbcConnectionAccess.obtainConnection(JdbcEnvironmentInitiator.java:428)
	at org.hibernate.resource.transaction.backend.jdbc.internal.DdlTransactionIsolatorNonJtaImpl.getIsolatedConnection(DdlTransactionIsolatorNonJtaImpl.java:46)
	at org.hibernate.resource.transaction.backend.jdbc.internal.DdlTransactionIsolatorNonJtaImpl.getIsolatedConnection(DdlTransactionIsolatorNonJtaImpl.java:39)
	at org.hibernate.tool.schema.internal.exec.ImprovedExtractionContextImpl.getJdbcConnection(ImprovedExtractionContextImpl.java:63)
	at org.hibernate.tool.schema.internal.exec.ImprovedExtractionContextImpl.getJdbcDatabaseMetaData(ImprovedExtractionContextImpl.java:70)
	at org.hibernate.tool.schema.extract.internal.InformationExtractorJdbcDatabaseMetaDataImpl.processTableResultSet(InformationExtractorJdbcDatabaseMetaDataImpl.java:64)
	at org.hibernate.tool.schema.extract.internal.AbstractInformationExtractorImpl.getTables(AbstractInformationExtractorImpl.java:570)
	at org.hibernate.tool.schema.extract.internal.DatabaseInformationImpl.getTablesInformation(DatabaseInformationImpl.java:122)
	at org.hibernate.tool.schema.internal.GroupedSchemaMigratorImpl.performTablesMigration(GroupedSchemaMigratorImpl.java:72)
	at org.hibernate.tool.schema.internal.AbstractSchemaMigrator.performMigration(AbstractSchemaMigrator.java:232)
	at org.hibernate.tool.schema.internal.AbstractSchemaMigrator.doMigration(AbstractSchemaMigrator.java:117)
	at org.hibernate.tool.schema.spi.SchemaManagementToolCoordinator.performDatabaseAction(SchemaManagementToolCoordinator.java:286)
	at org.hibernate.tool.schema.spi.SchemaManagementToolCoordinator.lambda$process$5(SchemaManagementToolCoordinator.java:145)
	at java.base/java.util.HashMap.forEach(HashMap.java:1421)
	at org.hibernate.tool.schema.spi.SchemaManagementToolCoordinator.process(SchemaManagementToolCoordinator.java:142)
	at org.hibernate.boot.internal.SessionFactoryObserverForSchemaExport.sessionFactoryCreated(SessionFactoryObserverForSchemaExport.java:37)
	at org.hibernate.internal.SessionFactoryObserverChain.sessionFactoryCreated(SessionFactoryObserverChain.java:35)
	at org.hibernate.internal.SessionFactoryImpl.<init>(SessionFactoryImpl.java:315)
	at org.hibernate.boot.internal.SessionFactoryBuilderImpl.build(SessionFactoryBuilderImpl.java:450)
	at org.hibernate.jpa.boot.internal.EntityManagerFactoryBuilderImpl.build(EntityManagerFactoryBuilderImpl.java:1507)
	at org.springframework.orm.jpa.vendor.SpringHibernateJpaPersistenceProvider.createContainerEntityManagerFactory(SpringHibernateJpaPersistenceProvider.java:75)
	at org.springframework.orm.jpa.LocalContainerEntityManagerFactoryBean.createNativeEntityManagerFactory(LocalContainerEntityManagerFactoryBean.java:390)
	at org.springframework.orm.jpa.AbstractEntityManagerFactoryBean.buildNativeEntityManagerFactory(AbstractEntityManagerFactoryBean.java:409)
	at org.springframework.orm.jpa.AbstractEntityManagerFactoryBean.afterPropertiesSet(AbstractEntityManagerFactoryBean.java:396)
	at org.springframework.orm.jpa.LocalContainerEntityManagerFactoryBean.afterPropertiesSet(LocalContainerEntityManagerFactoryBean.java:366)
	at org.springframework.beans.factory.support.AbstractAutowireCapableBeanFactory.invokeInitMethods(AbstractAutowireCapableBeanFactory.java:1833)
	at org.springframework.beans.factory.support.AbstractAutowireCapableBeanFactory.initializeBean(AbstractAutowireCapableBeanFactory.java:1782)
	at org.springframework.beans.factory.support.AbstractAutowireCapableBeanFactory.doCreateBean(AbstractAutowireCapableBeanFactory.java:600)
	at org.springframework.beans.factory.support.AbstractAutowireCapableBeanFactory.createBean(AbstractAutowireCapableBeanFactory.java:522)
	at org.springframework.beans.factory.support.AbstractBeanFactory.lambda$doGetBean$0(AbstractBeanFactory.java:326)
	at org.springframework.beans.factory.support.DefaultSingletonBeanRegistry.getSingleton(DefaultSingletonBeanRegistry.java:234)
	at org.springframework.beans.factory.support.AbstractBeanFactory.doGetBean(AbstractBeanFactory.java:324)
	at org.springframework.beans.factory.support.AbstractBeanFactory.getBean(AbstractBeanFactory.java:200)
	at org.springframework.context.support.AbstractApplicationContext.getBean(AbstractApplicationContext.java:1234)
	at org.springframework.context.support.AbstractApplicationContext.finishBeanFactoryInitialization(AbstractApplicationContext.java:952)
	at org.springframework.context.support.AbstractApplicationContext.refresh(AbstractApplicationContext.java:624)
	at org.springframework.boot.web.servlet.context.ServletWebServerApplicationContext.refresh(ServletWebServerApplicationContext.java:146)
	at org.springframework.boot.SpringApplication.refresh(SpringApplication.java:754)
	at org.springframework.boot.SpringApplication.refreshContext(SpringApplication.java:456)
	at org.springframework.boot.SpringApplication.run(SpringApplication.java:334)
	at org.springframework.boot.SpringApplication.run(SpringApplication.java:1354)
	at org.springframework.boot.SpringApplication.run(SpringApplication.java:1343)
	at com.example.esp32_robot.Esp32RobotApplication.main(Esp32RobotApplication.java:12)
	at java.base/jdk.internal.reflect.NativeMethodAccessorImpl.invoke0(Native Method)
	at java.base/jdk.internal.reflect.NativeMethodAccessorImpl.invoke(NativeMethodAccessorImpl.java:77)
	at java.base/jdk.internal.reflect.DelegatingMethodAccessorImpl.invoke(DelegatingMethodAccessorImpl.java:43)
	at java.base/java.lang.reflect.Method.invoke(Method.java:569)
	at org.springframework.boot.devtools.restart.RestartLauncher.run(RestartLauncher.java:50)
Caused by: com.mysql.cj.exceptions.UnableToConnectException: Public Key Retrieval is not allowed
	at java.base/jdk.internal.reflect.NativeConstructorAccessorImpl.newInstance0(Native Method)
	at java.base/jdk.internal.reflect.NativeConstructorAccessorImpl.newInstance(NativeConstructorAccessorImpl.java:77)
	at java.base/jdk.internal.reflect.DelegatingConstructorAccessorImpl.newInstance(DelegatingConstructorAccessorImpl.java:45)
	at java.base/java.lang.reflect.Constructor.newInstanceWithCaller(Constructor.java:500)
	at java.base/java.lang.reflect.Constructor.newInstance(Constructor.java:481)
	at com.mysql.cj.exceptions.ExceptionFactory.createException(ExceptionFactory.java:61)
	at com.mysql.cj.exceptions.ExceptionFactory.createException(ExceptionFactory.java:85)
	at com.mysql.cj.protocol.a.authentication.CachingSha2PasswordPlugin.nextAuthenticationStep(CachingSha2PasswordPlugin.java:131)
	at com.mysql.cj.protocol.a.authentication.CachingSha2PasswordPlugin.nextAuthenticationStep(CachingSha2PasswordPlugin.java:49)
	at com.mysql.cj.protocol.a.NativeAuthenticationProvider.proceedHandshakeWithPluggableAuthentication(NativeAuthenticationProvider.java:446)
	at com.mysql.cj.protocol.a.NativeAuthenticationProvider.connect(NativeAuthenticationProvider.java:215)
	at com.mysql.cj.protocol.a.NativeProtocol.connect(NativeProtocol.java:1428)
	at com.mysql.cj.NativeSession.connect(NativeSession.java:133)
	at com.mysql.cj.jdbc.ConnectionImpl.connectOneTryOnly(ConnectionImpl.java:935)
	at com.mysql.cj.jdbc.ConnectionImpl.createNewIO(ConnectionImpl.java:805)
	... 59 common frames omitted
2026-04-17 11:22:46.335 [restartedMain] WARN  org.hibernate.engine.jdbc.spi.SqlExceptionHelper - SQL Error: 0, SQLState: 08001
2026-04-17 11:22:46.335 [restartedMain] ERROR org.hibernate.engine.jdbc.spi.SqlExceptionHelper - Public Key Retrieval is not allowed
2026-04-17 11:22:46.337 [restartedMain] ERROR o.s.orm.jpa.LocalContainerEntityManagerFactoryBean - Failed to initialize JPA EntityManagerFactory: [PersistenceUnit: default] Unable to build Hibernate SessionFactory; nested exception is org.hibernate.exception.JDBCConnectionException: Unable to open JDBC Connection for DDL execution [Public Key Retrieval is not allowed] [n/a]
2026-04-17 11:22:46.337 [restartedMain] WARN  o.s.b.w.s.c.AnnotationConfigServletWebServerApplicationContext - Exception encountered during context initialization - cancelling refresh attempt: org.springframework.beans.factory.BeanCreationException: Error creating bean with name 'entityManagerFactory' defined in class path resource [org/springframework/boot/autoconfigure/orm/jpa/HibernateJpaConfiguration.class]: [PersistenceUnit: default] Unable to build Hibernate SessionFactory; nested exception is org.hibernate.exception.JDBCConnectionException: Unable to open JDBC Connection for DDL execution [Public Key Retrieval is not allowed] [n/a]
2026-04-17 11:22:46.337 [restartedMain] INFO  org.apache.catalina.core.StandardService - Stopping service [Tomcat]
2026-04-17 11:22:46.362 [restartedMain] INFO  o.s.b.a.logging.ConditionEvaluationReportLogger - 

Error starting ApplicationContext. To display the condition evaluation report re-run your application with 'debug' enabled.
2026-04-17 11:22:46.381 [restartedMain] ERROR org.springframework.boot.SpringApplication - Application run failed
org.springframework.beans.factory.BeanCreationException: Error creating bean with name 'entityManagerFactory' defined in class path resource [org/springframework/boot/autoconfigure/orm/jpa/HibernateJpaConfiguration.class]: [PersistenceUnit: default] Unable to build Hibernate SessionFactory; nested exception is org.hibernate.exception.JDBCConnectionException: Unable to open JDBC Connection for DDL execution [Public Key Retrieval is not allowed] [n/a]
	at org.springframework.beans.factory.support.AbstractAutowireCapableBeanFactory.initializeBean(AbstractAutowireCapableBeanFactory.java:1786)
	at org.springframework.beans.factory.support.AbstractAutowireCapableBeanFactory.doCreateBean(AbstractAutowireCapableBeanFactory.java:600)
	at org.springframework.beans.factory.support.AbstractAutowireCapableBeanFactory.createBean(AbstractAutowireCapableBeanFactory.java:522)
	at org.springframework.beans.factory.support.AbstractBeanFactory.lambda$doGetBean$0(AbstractBeanFactory.java:326)
	at org.springframework.beans.factory.support.DefaultSingletonBeanRegistry.getSingleton(DefaultSingletonBeanRegistry.java:234)
	at org.springframework.beans.factory.support.AbstractBeanFactory.doGetBean(AbstractBeanFactory.java:324)
	at org.springframework.beans.factory.support.AbstractBeanFactory.getBean(AbstractBeanFactory.java:200)
	at org.springframework.context.support.AbstractApplicationContext.getBean(AbstractApplicationContext.java:1234)
	at org.springframework.context.support.AbstractApplicationContext.finishBeanFactoryInitialization(AbstractApplicationContext.java:952)
	at org.springframework.context.support.AbstractApplicationContext.refresh(AbstractApplicationContext.java:624)
	at org.springframework.boot.web.servlet.context.ServletWebServerApplicationContext.refresh(ServletWebServerApplicationContext.java:146)
	at org.springframework.boot.SpringApplication.refresh(SpringApplication.java:754)
	at org.springframework.boot.SpringApplication.refreshContext(SpringApplication.java:456)
	at org.springframework.boot.SpringApplication.run(SpringApplication.java:334)
	at org.springframework.boot.SpringApplication.run(SpringApplication.java:1354)
	at org.springframework.boot.SpringApplication.run(SpringApplication.java:1343)
	at com.example.esp32_robot.Esp32RobotApplication.main(Esp32RobotApplication.java:12)
	at java.base/jdk.internal.reflect.NativeMethodAccessorImpl.invoke0(Native Method)
	at java.base/jdk.internal.reflect.NativeMethodAccessorImpl.invoke(NativeMethodAccessorImpl.java:77)
	at java.base/jdk.internal.reflect.DelegatingMethodAccessorImpl.invoke(DelegatingMethodAccessorImpl.java:43)
	at java.base/java.lang.reflect.Method.invoke(Method.java:569)
	at org.springframework.boot.devtools.restart.RestartLauncher.run(RestartLauncher.java:50)
Caused by: jakarta.persistence.PersistenceException: [PersistenceUnit: default] Unable to build Hibernate SessionFactory; nested exception is org.hibernate.exception.JDBCConnectionException: Unable to open JDBC Connection for DDL execution [Public Key Retrieval is not allowed] [n/a]
	at org.springframework.orm.jpa.AbstractEntityManagerFactoryBean.buildNativeEntityManagerFactory(AbstractEntityManagerFactoryBean.java:421)
	at org.springframework.orm.jpa.AbstractEntityManagerFactoryBean.afterPropertiesSet(AbstractEntityManagerFactoryBean.java:396)
	at org.springframework.orm.jpa.LocalContainerEntityManagerFactoryBean.afterPropertiesSet(LocalContainerEntityManagerFactoryBean.java:366)
	at org.springframework.beans.factory.support.AbstractAutowireCapableBeanFactory.invokeInitMethods(AbstractAutowireCapableBeanFactory.java:1833)
	at org.springframework.beans.factory.support.AbstractAutowireCapableBeanFactory.initializeBean(AbstractAutowireCapableBeanFactory.java:1782)
	... 21 common frames omitted
Caused by: org.hibernate.exception.JDBCConnectionException: Unable to open JDBC Connection for DDL execution [Public Key Retrieval is not allowed] [n/a]
	at org.hibernate.exception.internal.SQLExceptionTypeDelegate.convert(SQLExceptionTypeDelegate.java:51)
	at org.hibernate.exception.internal.StandardSQLExceptionConverter.convert(StandardSQLExceptionConverter.java:58)
	at org.hibernate.engine.jdbc.spi.SqlExceptionHelper.convert(SqlExceptionHelper.java:108)
	at org.hibernate.engine.jdbc.spi.SqlExceptionHelper.convert(SqlExceptionHelper.java:94)
	at org.hibernate.resource.transaction.backend.jdbc.internal.DdlTransactionIsolatorNonJtaImpl.getIsolatedConnection(DdlTransactionIsolatorNonJtaImpl.java:74)
	at org.hibernate.resource.transaction.backend.jdbc.internal.DdlTransactionIsolatorNonJtaImpl.getIsolatedConnection(DdlTransactionIsolatorNonJtaImpl.java:39)
	at org.hibernate.tool.schema.internal.exec.ImprovedExtractionContextImpl.getJdbcConnection(ImprovedExtractionContextImpl.java:63)
	at org.hibernate.tool.schema.internal.exec.ImprovedExtractionContextImpl.getJdbcDatabaseMetaData(ImprovedExtractionContextImpl.java:70)
	at org.hibernate.tool.schema.extract.internal.InformationExtractorJdbcDatabaseMetaDataImpl.processTableResultSet(InformationExtractorJdbcDatabaseMetaDataImpl.java:64)
	at org.hibernate.tool.schema.extract.internal.AbstractInformationExtractorImpl.getTables(AbstractInformationExtractorImpl.java:570)
	at org.hibernate.tool.schema.extract.internal.DatabaseInformationImpl.getTablesInformation(DatabaseInformationImpl.java:122)
	at org.hibernate.tool.schema.internal.GroupedSchemaMigratorImpl.performTablesMigration(GroupedSchemaMigratorImpl.java:72)
	at org.hibernate.tool.schema.internal.AbstractSchemaMigrator.performMigration(AbstractSchemaMigrator.java:232)
	at org.hibernate.tool.schema.internal.AbstractSchemaMigrator.doMigration(AbstractSchemaMigrator.java:117)
	at org.hibernate.tool.schema.spi.SchemaManagementToolCoordinator.performDatabaseAction(SchemaManagementToolCoordinator.java:286)
	at org.hibernate.tool.schema.spi.SchemaManagementToolCoordinator.lambda$process$5(SchemaManagementToolCoordinator.java:145)
	at java.base/java.util.HashMap.forEach(HashMap.java:1421)
	at org.hibernate.tool.schema.spi.SchemaManagementToolCoordinator.process(SchemaManagementToolCoordinator.java:142)
	at org.hibernate.boot.internal.SessionFactoryObserverForSchemaExport.sessionFactoryCreated(SessionFactoryObserverForSchemaExport.java:37)
	at org.hibernate.internal.SessionFactoryObserverChain.sessionFactoryCreated(SessionFactoryObserverChain.java:35)
	at org.hibernate.internal.SessionFactoryImpl.<init>(SessionFactoryImpl.java:315)
	at org.hibernate.boot.internal.SessionFactoryBuilderImpl.build(SessionFactoryBuilderImpl.java:450)
	at org.hibernate.jpa.boot.internal.EntityManagerFactoryBuilderImpl.build(EntityManagerFactoryBuilderImpl.java:1507)
	at org.springframework.orm.jpa.vendor.SpringHibernateJpaPersistenceProvider.createContainerEntityManagerFactory(SpringHibernateJpaPersistenceProvider.java:75)
	at org.springframework.orm.jpa.LocalContainerEntityManagerFactoryBean.createNativeEntityManagerFactory(LocalContainerEntityManagerFactoryBean.java:390)
	at org.springframework.orm.jpa.AbstractEntityManagerFactoryBean.buildNativeEntityManagerFactory(AbstractEntityManagerFactoryBean.java:409)
	... 25 common frames omitted
Caused by: java.sql.SQLNonTransientConnectionException: Public Key Retrieval is not allowed
	at com.mysql.cj.jdbc.exceptions.SQLError.createSQLException(SQLError.java:111)
	at com.mysql.cj.jdbc.exceptions.SQLExceptionsMapping.translateException(SQLExceptionsMapping.java:122)
	at com.mysql.cj.jdbc.ConnectionImpl.createNewIO(ConnectionImpl.java:815)
	at com.mysql.cj.jdbc.ConnectionImpl.<init>(ConnectionImpl.java:438)
	at com.mysql.cj.jdbc.ConnectionImpl.getInstance(ConnectionImpl.java:241)
	at com.mysql.cj.jdbc.NonRegisteringDriver.connect(NonRegisteringDriver.java:189)
	at com.zaxxer.hikari.util.DriverDataSource.getConnection(DriverDataSource.java:138)
	at com.zaxxer.hikari.pool.PoolBase.newConnection(PoolBase.java:359)
	at com.zaxxer.hikari.pool.PoolBase.newPoolEntry(PoolBase.java:201)
	at com.zaxxer.hikari.pool.HikariPool.createPoolEntry(HikariPool.java:470)
	at com.zaxxer.hikari.pool.HikariPool.checkFailFast(HikariPool.java:561)
	at com.zaxxer.hikari.pool.HikariPool.<init>(HikariPool.java:100)
	at com.zaxxer.hikari.HikariDataSource.getConnection(HikariDataSource.java:112)
	at org.hibernate.engine.jdbc.connections.internal.DatasourceConnectionProviderImpl.getConnection(DatasourceConnectionProviderImpl.java:122)
	at org.hibernate.engine.jdbc.env.internal.JdbcEnvironmentInitiator$ConnectionProviderJdbcConnectionAccess.obtainConnection(JdbcEnvironmentInitiator.java:428)
	at org.hibernate.resource.transaction.backend.jdbc.internal.DdlTransactionIsolatorNonJtaImpl.getIsolatedConnection(DdlTransactionIsolatorNonJtaImpl.java:46)
	... 46 common frames omitted
Caused by: com.mysql.cj.exceptions.UnableToConnectException: Public Key Retrieval is not allowed
	at java.base/jdk.internal.reflect.NativeConstructorAccessorImpl.newInstance0(Native Method)
	at java.base/jdk.internal.reflect.NativeConstructorAccessorImpl.newInstance(NativeConstructorAccessorImpl.java:77)
	at java.base/jdk.internal.reflect.DelegatingConstructorAccessorImpl.newInstance(DelegatingConstructorAccessorImpl.java:45)
	at java.base/java.lang.reflect.Constructor.newInstanceWithCaller(Constructor.java:500)
	at java.base/java.lang.reflect.Constructor.newInstance(Constructor.java:481)
	at com.mysql.cj.exceptions.ExceptionFactory.createException(ExceptionFactory.java:61)
	at com.mysql.cj.exceptions.ExceptionFactory.createException(ExceptionFactory.java:85)
	at com.mysql.cj.protocol.a.authentication.CachingSha2PasswordPlugin.nextAuthenticationStep(CachingSha2PasswordPlugin.java:131)
	at com.mysql.cj.protocol.a.authentication.CachingSha2PasswordPlugin.nextAuthenticationStep(CachingSha2PasswordPlugin.java:49)
	at com.mysql.cj.protocol.a.NativeAuthenticationProvider.proceedHandshakeWithPluggableAuthentication(NativeAuthenticationProvider.java:446)
	at com.mysql.cj.protocol.a.NativeAuthenticationProvider.connect(NativeAuthenticationProvider.java:215)
	at com.mysql.cj.protocol.a.NativeProtocol.connect(NativeProtocol.java:1428)
	at com.mysql.cj.NativeSession.connect(NativeSession.java:133)
	at com.mysql.cj.jdbc.ConnectionImpl.connectOneTryOnly(ConnectionImpl.java:935)
	at com.mysql.cj.jdbc.ConnectionImpl.createNewIO(ConnectionImpl.java:805)
	... 59 common frames omitted
2026-04-17 11:23:36.349 [restartedMain] INFO  com.example.esp32_robot.Esp32RobotApplication - Starting Esp32RobotApplication using Java 17.0.17 with PID 21828 (E:\esp32-robot\esp32-backend\target\classes started by 27863 in E:\esp32-robot\esp32-backend)
2026-04-17 11:23:36.353 [restartedMain] DEBUG com.example.esp32_robot.Esp32RobotApplication - Running with Spring Boot v3.2.5, Spring v6.1.6
2026-04-17 11:23:36.353 [restartedMain] INFO  com.example.esp32_robot.Esp32RobotApplication - No active profile set, falling back to 1 default profile: "default"
2026-04-17 11:23:36.414 [restartedMain] INFO  o.s.b.d.env.DevToolsPropertyDefaultsPostProcessor - Devtools property defaults active! Set 'spring.devtools.add-properties' to 'false' to disable
2026-04-17 11:23:36.414 [restartedMain] INFO  o.s.b.d.env.DevToolsPropertyDefaultsPostProcessor - For additional web related logging consider setting the 'logging.level.web' property to 'DEBUG'
2026-04-17 11:23:37.473 [restartedMain] INFO  o.s.d.r.config.RepositoryConfigurationDelegate - Bootstrapping Spring Data JPA repositories in DEFAULT mode.
2026-04-17 11:23:37.580 [restartedMain] INFO  o.s.d.r.config.RepositoryConfigurationDelegate - Finished Spring Data repository scanning in 97 ms. Found 8 JPA repository interfaces.
2026-04-17 11:23:38.660 [restartedMain] INFO  o.s.boot.web.embedded.tomcat.TomcatWebServer - Tomcat initialized with port 8080 (http)
2026-04-17 11:23:38.680 [restartedMain] INFO  org.apache.coyote.http11.Http11NioProtocol - Initializing ProtocolHandler ["http-nio-8080"]
2026-04-17 11:23:38.680 [restartedMain] INFO  org.apache.catalina.core.StandardService - Starting service [Tomcat]
2026-04-17 11:23:38.680 [restartedMain] INFO  org.apache.catalina.core.StandardEngine - Starting Servlet engine: [Apache Tomcat/10.1.20]
2026-04-17 11:23:38.809 [restartedMain] INFO  o.a.c.core.ContainerBase.[Tomcat].[localhost].[/] - Initializing Spring embedded WebApplicationContext
2026-04-17 11:23:38.809 [restartedMain] INFO  o.s.b.w.s.c.ServletWebServerApplicationContext - Root WebApplicationContext: initialization completed in 2395 ms
2026-04-17 11:23:39.584 [restartedMain] INFO  o.s.o.j.persistenceunit.SpringPersistenceUnitInfo - No LoadTimeWeaver setup: ignoring JPA class transformer
2026-04-17 11:23:39.629 [restartedMain] INFO  com.zaxxer.hikari.HikariDataSource - HikariPool-1 - Starting...
2026-04-17 11:23:39.793 [restartedMain] INFO  com.zaxxer.hikari.pool.HikariPool - HikariPool-1 - Added connection com.mysql.cj.jdbc.ConnectionImpl@69af7fe3
2026-04-17 11:23:39.796 [restartedMain] INFO  com.zaxxer.hikari.HikariDataSource - HikariPool-1 - Start completed.
2026-04-17 11:23:39.837 [restartedMain] WARN  org.hibernate.orm.deprecation - HHH90000025: MySQL8Dialect does not need to be specified explicitly using 'hibernate.dialect' (remove the property setting and it will be selected by default)
2026-04-17 11:23:39.839 [restartedMain] WARN  org.hibernate.orm.deprecation - HHH90000026: MySQL8Dialect has been deprecated; use org.hibernate.dialect.MySQLDialect instead
2026-04-17 11:23:41.225 [restartedMain] INFO  o.s.orm.jpa.LocalContainerEntityManagerFactoryBean - Initialized JPA EntityManagerFactory for persistence unit 'default'
2026-04-17 11:23:41.679 [restartedMain] INFO  o.s.data.jpa.repository.query.QueryEnhancerFactory - Hibernate is in classpath; If applicable, HQL parser will be used.
2026-04-17 11:23:44.542 [restartedMain] INFO  o.s.security.web.DefaultSecurityFilterChain - Will secure any request with [org.springframework.security.web.session.DisableEncodeUrlFilter@31f707f4, org.springframework.security.web.context.request.async.WebAsyncManagerIntegrationFilter@7e9d9564, org.springframework.security.web.context.SecurityContextHolderFilter@36848bc8, org.springframework.security.web.header.HeaderWriterFilter@4c8053a9, org.springframework.web.filter.CorsFilter@5011af91, org.springframework.security.web.authentication.logout.LogoutFilter@3f3b5d44, org.springframework.security.web.savedrequest.RequestCacheAwareFilter@e290650, org.springframework.security.web.servletapi.SecurityContextHolderAwareRequestFilter@7fc5ef95, org.springframework.security.web.authentication.AnonymousAuthenticationFilter@43c03521, org.springframework.security.web.access.ExceptionTranslationFilter@4d64d450, org.springframework.security.web.access.intercept.AuthorizationFilter@21edd90f]
2026-04-17 11:23:45.188 [restartedMain] INFO  o.s.b.d.autoconfigure.OptionalLiveReloadServer - LiveReload server is running on port 35729
2026-04-17 11:23:45.206 [restartedMain] INFO  org.apache.coyote.http11.Http11NioProtocol - Starting ProtocolHandler ["http-nio-8080"]
2026-04-17 11:23:45.282 [restartedMain] INFO  o.s.boot.web.embedded.tomcat.TomcatWebServer - Tomcat started on port 8080 (http) with context path ''
2026-04-17 11:23:45.306 [restartedMain] INFO  com.example.esp32_robot.Esp32RobotApplication - Started Esp32RobotApplication in 9.607 seconds (process running for 10.368)
2026-04-17 11:23:45.330 [scheduling-1] DEBUG c.example.esp32_robot.scheduler.ReminderScheduler - Checking due reminders...
2026-04-17 11:23:45.353 [scheduling-1] INFO  c.e.esp32_robot.service.impl.ReminderServiceImpl - Fetching due reminders
2026-04-17 11:23:45.517 [scheduling-1] INFO  c.e.esp32_robot.service.impl.ReminderServiceImpl - Found 0 due reminders
2026-04-17 11:24:09.153 [http-nio-8080-exec-1] INFO  o.a.c.core.ContainerBase.[Tomcat].[localhost].[/] - Initializing Spring DispatcherServlet 'dispatcherServlet'
2026-04-17 11:24:09.153 [http-nio-8080-exec-1] INFO  org.springframework.web.servlet.DispatcherServlet - Initializing Servlet 'dispatcherServlet'
2026-04-17 11:24:09.155 [http-nio-8080-exec-1] INFO  org.springframework.web.servlet.DispatcherServlet - Completed initialization in 2 ms
2026-04-17 11:24:09.323 [http-nio-8080-exec-1] INFO  com.example.esp32_robot.controller.UserController - REST request to login: admin
2026-04-17 11:24:09.323 [http-nio-8080-exec-1] INFO  c.example.esp32_robot.service.impl.UserServiceImpl - User login attempt: admin
2026-04-17 11:24:09.390 [http-nio-8080-exec-1] INFO  c.example.esp32_robot.service.impl.UserServiceImpl - User logged in successfully: admin
2026-04-17 11:24:15.528 [scheduling-1] DEBUG c.example.esp32_robot.scheduler.ReminderScheduler - Checking due reminders...
2026-04-17 11:24:15.529 [scheduling-1] INFO  c.e.esp32_robot.service.impl.ReminderServiceImpl - Fetching due reminders
2026-04-17 11:24:15.529 [scheduling-1] INFO  c.e.esp32_robot.service.impl.ReminderServiceImpl - Found 0 due reminders
2026-04-17 11:24:30.545 [http-nio-8080-exec-4] INFO  com.example.esp32_robot.controller.UserController - REST request to login: admin
2026-04-17 11:24:30.545 [http-nio-8080-exec-4] INFO  c.example.esp32_robot.service.impl.UserServiceImpl - User login attempt: admin
2026-04-17 11:24:30.545 [http-nio-8080-exec-4] INFO  c.example.esp32_robot.service.impl.UserServiceImpl - User logged in successfully: admin
2026-04-17 11:24:45.535 [scheduling-1] DEBUG c.example.esp32_robot.scheduler.ReminderScheduler - Checking due reminders...
2026-04-17 11:24:45.535 [scheduling-1] INFO  c.e.esp32_robot.service.impl.ReminderServiceImpl - Fetching due reminders
2026-04-17 11:24:45.535 [scheduling-1] INFO  c.e.esp32_robot.service.impl.ReminderServiceImpl - Found 0 due reminders
2026-04-17 11:25:15.551 [scheduling-1] DEBUG c.example.esp32_robot.scheduler.ReminderScheduler - Checking due reminders...
2026-04-17 11:25:15.552 [scheduling-1] INFO  c.e.esp32_robot.service.impl.ReminderServiceImpl - Fetching due reminders
2026-04-17 11:25:15.555 [scheduling-1] INFO  c.e.esp32_robot.service.impl.ReminderServiceImpl - Found 0 due reminders
2026-04-17 11:25:45.559 [scheduling-1] DEBUG c.example.esp32_robot.scheduler.ReminderScheduler - Checking due reminders...
2026-04-17 11:25:45.562 [scheduling-1] INFO  c.e.esp32_robot.service.impl.ReminderServiceImpl - Fetching due reminders
2026-04-17 11:25:45.564 [scheduling-1] INFO  c.e.esp32_robot.service.impl.ReminderServiceImpl - Found 0 due reminders
2026-04-17 11:27:09.865 [HikariPool-1 housekeeper] WARN  com.zaxxer.hikari.pool.HikariPool - HikariPool-1 - Thread starvation or clock leap detected (housekeeper delta=1m30s295ms43µs100ns).
2026-04-17 11:27:15.508 [scheduling-1] DEBUG c.example.esp32_robot.scheduler.ReminderScheduler - Checking due reminders...
2026-04-17 11:27:15.510 [scheduling-1] INFO  c.e.esp32_robot.service.impl.ReminderServiceImpl - Fetching due reminders
2026-04-17 11:27:15.514 [scheduling-1] INFO  c.e.esp32_robot.service.impl.ReminderServiceImpl - Found 0 due reminders
2026-04-17 16:40:49.157 [HikariPool-1 housekeeper] WARN  com.zaxxer.hikari.pool.HikariPool - HikariPool-1 - Thread starvation or clock leap detected (housekeeper delta=5h13m39s466ms599µs900ns).
2026-04-17 16:40:54.806 [scheduling-1] DEBUG c.example.esp32_robot.scheduler.ReminderScheduler - Checking due reminders...
2026-04-17 16:40:54.808 [scheduling-1] INFO  c.e.esp32_robot.service.impl.ReminderServiceImpl - Fetching due reminders
2026-04-17 16:40:54.811 [scheduling-1] INFO  c.e.esp32_robot.service.impl.ReminderServiceImpl - Found 0 due reminders
2026-04-17 16:41:24.824 [scheduling-1] DEBUG c.example.esp32_robot.scheduler.ReminderScheduler - Checking due reminders...
2026-04-17 16:41:24.824 [scheduling-1] INFO  c.e.esp32_robot.service.impl.ReminderServiceImpl - Fetching due reminders
2026-04-17 16:41:24.824 [scheduling-1] INFO  c.e.esp32_robot.service.impl.ReminderServiceImpl - Found 0 due reminders
2026-04-17 16:41:54.835 [scheduling-1] DEBUG c.example.esp32_robot.scheduler.ReminderScheduler - Checking due reminders...
2026-04-17 16:41:54.835 [scheduling-1] INFO  c.e.esp32_robot.service.impl.ReminderServiceImpl - Fetching due reminders
2026-04-17 16:41:54.835 [scheduling-1] INFO  c.e.esp32_robot.service.impl.ReminderServiceImpl - Found 0 due reminders
2026-04-17 16:42:24.843 [scheduling-1] DEBUG c.example.esp32_robot.scheduler.ReminderScheduler - Checking due reminders...
2026-04-17 16:42:24.843 [scheduling-1] INFO  c.e.esp32_robot.service.impl.ReminderServiceImpl - Fetching due reminders
2026-04-17 16:42:24.847 [scheduling-1] INFO  c.e.esp32_robot.service.impl.ReminderServiceImpl - Found 0 due reminders
2026-04-17 16:42:54.861 [scheduling-1] DEBUG c.example.esp32_robot.scheduler.ReminderScheduler - Checking due reminders...
2026-04-17 16:42:54.861 [scheduling-1] INFO  c.e.esp32_robot.service.impl.ReminderServiceImpl - Fetching due reminders
2026-04-17 16:42:54.863 [scheduling-1] INFO  c.e.esp32_robot.service.impl.ReminderServiceImpl - Found 0 due reminders
2026-04-17 16:43:24.871 [scheduling-1] DEBUG c.example.esp32_robot.scheduler.ReminderScheduler - Checking due reminders...
2026-04-17 16:43:24.871 [scheduling-1] INFO  c.e.esp32_robot.service.impl.ReminderServiceImpl - Fetching due reminders
2026-04-17 16:43:24.873 [scheduling-1] INFO  c.e.esp32_robot.service.impl.ReminderServiceImpl - Found 0 due reminders
2026-04-17 16:43:54.878 [scheduling-1] DEBUG c.example.esp32_robot.scheduler.ReminderScheduler - Checking due reminders...
2026-04-17 16:43:54.879 [scheduling-1] INFO  c.e.esp32_robot.service.impl.ReminderServiceImpl - Fetching due reminders
2026-04-17 16:43:54.882 [scheduling-1] INFO  c.e.esp32_robot.service.impl.ReminderServiceImpl - Found 0 due reminders
2026-04-17 16:44:24.884 [scheduling-1] DEBUG c.example.esp32_robot.scheduler.ReminderScheduler - Checking due reminders...
2026-04-17 16:44:24.884 [scheduling-1] INFO  c.e.esp32_robot.service.impl.ReminderServiceImpl - Fetching due reminders
2026-04-17 16:44:24.884 [scheduling-1] INFO  c.e.esp32_robot.service.impl.ReminderServiceImpl - Found 0 due reminders
2026-04-17 16:44:54.890 [scheduling-1] DEBUG c.example.esp32_robot.scheduler.ReminderScheduler - Checking due reminders...
2026-04-17 16:44:54.891 [scheduling-1] INFO  c.e.esp32_robot.service.impl.ReminderServiceImpl - Fetching due reminders
2026-04-17 16:44:54.894 [scheduling-1] INFO  c.e.esp32_robot.service.impl.ReminderServiceImpl - Found 0 due reminders
2026-04-17 16:45:24.899 [scheduling-1] DEBUG c.example.esp32_robot.scheduler.ReminderScheduler - Checking due reminders...
2026-04-17 16:45:24.902 [scheduling-1] INFO  c.e.esp32_robot.service.impl.ReminderServiceImpl - Fetching due reminders
2026-04-17 16:45:24.905 [scheduling-1] INFO  c.e.esp32_robot.service.impl.ReminderServiceImpl - Found 0 due reminders
2026-04-17 16:45:54.910 [scheduling-1] DEBUG c.example.esp32_robot.scheduler.ReminderScheduler - Checking due reminders...
2026-04-17 16:45:54.910 [scheduling-1] INFO  c.e.esp32_robot.service.impl.ReminderServiceImpl - Fetching due reminders
2026-04-17 16:45:54.910 [scheduling-1] INFO  c.e.esp32_robot.service.impl.ReminderServiceImpl - Found 0 due reminders
2026-04-17 16:46:24.925 [scheduling-1] DEBUG c.example.esp32_robot.scheduler.ReminderScheduler - Checking due reminders...
2026-04-17 16:46:24.927 [scheduling-1] INFO  c.e.esp32_robot.service.impl.ReminderServiceImpl - Fetching due reminders
2026-04-17 16:46:24.927 [scheduling-1] INFO  c.e.esp32_robot.service.impl.ReminderServiceImpl - Found 0 due reminders
2026-04-17 16:46:54.942 [scheduling-1] DEBUG c.example.esp32_robot.scheduler.ReminderScheduler - Checking due reminders...
2026-04-17 16:46:54.943 [scheduling-1] INFO  c.e.esp32_robot.service.impl.ReminderServiceImpl - Fetching due reminders
2026-04-17 16:46:54.947 [scheduling-1] INFO  c.e.esp32_robot.service.impl.ReminderServiceImpl - Found 0 due reminders
2026-04-17 16:47:24.953 [scheduling-1] DEBUG c.example.esp32_robot.scheduler.ReminderScheduler - Checking due reminders...
2026-04-17 16:47:24.954 [scheduling-1] INFO  c.e.esp32_robot.service.impl.ReminderServiceImpl - Fetching due reminders
2026-04-17 16:47:24.956 [scheduling-1] INFO  c.e.esp32_robot.service.impl.ReminderServiceImpl - Found 0 due reminders
2026-04-17 16:47:54.960 [scheduling-1] DEBUG c.example.esp32_robot.scheduler.ReminderScheduler - Checking due reminders...
2026-04-17 16:47:54.962 [scheduling-1] INFO  c.e.esp32_robot.service.impl.ReminderServiceImpl - Fetching due reminders
2026-04-17 16:47:54.966 [scheduling-1] INFO  c.e.esp32_robot.service.impl.ReminderServiceImpl - Found 0 due reminders
2026-04-17 16:48:24.979 [scheduling-1] DEBUG c.example.esp32_robot.scheduler.ReminderScheduler - Checking due reminders...
2026-04-17 16:48:24.979 [scheduling-1] INFO  c.e.esp32_robot.service.impl.ReminderServiceImpl - Fetching due reminders
2026-04-17 16:48:24.981 [scheduling-1] INFO  c.e.esp32_robot.service.impl.ReminderServiceImpl - Found 0 due reminders
2026-04-17 16:48:54.997 [scheduling-1] DEBUG c.example.esp32_robot.scheduler.ReminderScheduler - Checking due reminders...
2026-04-17 16:48:54.998 [scheduling-1] INFO  c.e.esp32_robot.service.impl.ReminderServiceImpl - Fetching due reminders
2026-04-17 16:48:55.001 [scheduling-1] INFO  c.e.esp32_robot.service.impl.ReminderServiceImpl - Found 0 due reminders
2026-04-17 16:49:25.009 [scheduling-1] DEBUG c.example.esp32_robot.scheduler.ReminderScheduler - Checking due reminders...
2026-04-17 16:49:25.010 [scheduling-1] INFO  c.e.esp32_robot.service.impl.ReminderServiceImpl - Fetching due reminders
2026-04-17 16:49:25.010 [scheduling-1] INFO  c.e.esp32_robot.service.impl.ReminderServiceImpl - Found 0 due reminders
2026-04-17 16:49:55.029 [scheduling-1] DEBUG c.example.esp32_robot.scheduler.ReminderScheduler - Checking due reminders...
2026-04-17 16:49:55.029 [scheduling-1] INFO  c.e.esp32_robot.service.impl.ReminderServiceImpl - Fetching due reminders
2026-04-17 16:49:55.030 [scheduling-1] INFO  c.e.esp32_robot.service.impl.ReminderServiceImpl - Found 0 due reminders
2026-04-17 16:50:25.043 [scheduling-1] DEBUG c.example.esp32_robot.scheduler.ReminderScheduler - Checking due reminders...
2026-04-17 16:50:25.043 [scheduling-1] INFO  c.e.esp32_robot.service.impl.ReminderServiceImpl - Fetching due reminders
2026-04-17 16:50:25.043 [scheduling-1] INFO  c.e.esp32_robot.service.impl.ReminderServiceImpl - Found 0 due reminders
2026-04-17 16:50:55.053 [scheduling-1] DEBUG c.example.esp32_robot.scheduler.ReminderScheduler - Checking due reminders...
2026-04-17 16:50:55.053 [scheduling-1] INFO  c.e.esp32_robot.service.impl.ReminderServiceImpl - Fetching due reminders
2026-04-17 16:50:55.053 [scheduling-1] INFO  c.e.esp32_robot.service.impl.ReminderServiceImpl - Found 0 due reminders
2026-04-17 16:51:25.058 [scheduling-1] DEBUG c.example.esp32_robot.scheduler.ReminderScheduler - Checking due reminders...
2026-04-17 16:51:25.060 [scheduling-1] INFO  c.e.esp32_robot.service.impl.ReminderServiceImpl - Fetching due reminders
2026-04-17 16:51:25.063 [scheduling-1] INFO  c.e.esp32_robot.service.impl.ReminderServiceImpl - Found 0 due reminders
2026-04-17 16:51:55.066 [scheduling-1] DEBUG c.example.esp32_robot.scheduler.ReminderScheduler - Checking due reminders...
2026-04-17 16:51:55.066 [scheduling-1] INFO  c.e.esp32_robot.service.impl.ReminderServiceImpl - Fetching due reminders
2026-04-17 16:51:55.066 [scheduling-1] INFO  c.e.esp32_robot.service.impl.ReminderServiceImpl - Found 0 due reminders
2026-04-17 16:52:25.086 [scheduling-1] DEBUG c.example.esp32_robot.scheduler.ReminderScheduler - Checking due reminders...
2026-04-17 16:52:25.086 [scheduling-1] INFO  c.e.esp32_robot.service.impl.ReminderServiceImpl - Fetching due reminders
2026-04-17 16:52:25.086 [scheduling-1] INFO  c.e.esp32_robot.service.impl.ReminderServiceImpl - Found 0 due reminders
2026-04-17 16:52:55.092 [scheduling-1] DEBUG c.example.esp32_robot.scheduler.ReminderScheduler - Checking due reminders...
2026-04-17 16:52:55.094 [scheduling-1] INFO  c.e.esp32_robot.service.impl.ReminderServiceImpl - Fetching due reminders
2026-04-17 16:52:55.095 [scheduling-1] INFO  c.e.esp32_robot.service.impl.ReminderServiceImpl - Found 0 due reminders
2026-04-17 16:53:25.105 [scheduling-1] DEBUG c.example.esp32_robot.scheduler.ReminderScheduler - Checking due reminders...
2026-04-17 16:53:25.106 [scheduling-1] INFO  c.e.esp32_robot.service.impl.ReminderServiceImpl - Fetching due reminders
2026-04-17 16:53:25.108 [scheduling-1] INFO  c.e.esp32_robot.service.impl.ReminderServiceImpl - Found 0 due reminders
2026-04-17 16:53:55.124 [scheduling-1] DEBUG c.example.esp32_robot.scheduler.ReminderScheduler - Checking due reminders...
2026-04-17 16:53:55.125 [scheduling-1] INFO  c.e.esp32_robot.service.impl.ReminderServiceImpl - Fetching due reminders
2026-04-17 16:53:55.128 [scheduling-1] INFO  c.e.esp32_robot.service.impl.ReminderServiceImpl - Found 0 due reminders
2026-04-17 16:54:25.141 [scheduling-1] DEBUG c.example.esp32_robot.scheduler.ReminderScheduler - Checking due reminders...
2026-04-17 16:54:25.141 [scheduling-1] INFO  c.e.esp32_robot.service.impl.ReminderServiceImpl - Fetching due reminders
2026-04-17 16:54:25.141 [scheduling-1] INFO  c.e.esp32_robot.service.impl.ReminderServiceImpl - Found 0 due reminders
2026-04-17 16:54:55.155 [scheduling-1] DEBUG c.example.esp32_robot.scheduler.ReminderScheduler - Checking due reminders...
2026-04-17 16:54:55.155 [scheduling-1] INFO  c.e.esp32_robot.service.impl.ReminderServiceImpl - Fetching due reminders
2026-04-17 16:54:55.158 [scheduling-1] INFO  c.e.esp32_robot.service.impl.ReminderServiceImpl - Found 0 due reminders
2026-04-17 16:55:25.172 [scheduling-1] DEBUG c.example.esp32_robot.scheduler.ReminderScheduler - Checking due reminders...
2026-04-17 16:55:25.172 [scheduling-1] INFO  c.e.esp32_robot.service.impl.ReminderServiceImpl - Fetching due reminders
2026-04-17 16:55:25.172 [scheduling-1] INFO  c.e.esp32_robot.service.impl.ReminderServiceImpl - Found 0 due reminders
2026-04-17 16:55:55.190 [scheduling-1] DEBUG c.example.esp32_robot.scheduler.ReminderScheduler - Checking due reminders...
2026-04-17 16:55:55.191 [scheduling-1] INFO  c.e.esp32_robot.service.impl.ReminderServiceImpl - Fetching due reminders
2026-04-17 16:55:55.195 [scheduling-1] INFO  c.e.esp32_robot.service.impl.ReminderServiceImpl - Found 0 due reminders
2026-04-17 16:56:25.207 [scheduling-1] DEBUG c.example.esp32_robot.scheduler.ReminderScheduler - Checking due reminders...
2026-04-17 16:56:25.209 [scheduling-1] INFO  c.e.esp32_robot.service.impl.ReminderServiceImpl - Fetching due reminders
2026-04-17 16:56:25.212 [scheduling-1] INFO  c.e.esp32_robot.service.impl.ReminderServiceImpl - Found 0 due reminders
2026-04-17 16:56:55.223 [scheduling-1] DEBUG c.example.esp32_robot.scheduler.ReminderScheduler - Checking due reminders...
2026-04-17 16:56:55.225 [scheduling-1] INFO  c.e.esp32_robot.service.impl.ReminderServiceImpl - Fetching due reminders
2026-04-17 16:56:55.228 [scheduling-1] INFO  c.e.esp32_robot.service.impl.ReminderServiceImpl - Found 0 due reminders
2026-04-17 16:57:25.240 [scheduling-1] DEBUG c.example.esp32_robot.scheduler.ReminderScheduler - Checking due reminders...
2026-04-17 16:57:25.241 [scheduling-1] INFO  c.e.esp32_robot.service.impl.ReminderServiceImpl - Fetching due reminders
2026-04-17 16:57:25.244 [scheduling-1] INFO  c.e.esp32_robot.service.impl.ReminderServiceImpl - Found 0 due reminders
2026-04-17 16:57:55.256 [scheduling-1] DEBUG c.example.esp32_robot.scheduler.ReminderScheduler - Checking due reminders...
2026-04-17 16:57:55.257 [scheduling-1] INFO  c.e.esp32_robot.service.impl.ReminderServiceImpl - Fetching due reminders
2026-04-17 16:57:55.259 [scheduling-1] INFO  c.e.esp32_robot.service.impl.ReminderServiceImpl - Found 0 due reminders
2026-04-17 16:58:25.274 [scheduling-1] DEBUG c.example.esp32_robot.scheduler.ReminderScheduler - Checking due reminders...
2026-04-17 16:58:25.276 [scheduling-1] INFO  c.e.esp32_robot.service.impl.ReminderServiceImpl - Fetching due reminders
2026-04-17 16:58:25.280 [scheduling-1] INFO  c.e.esp32_robot.service.impl.ReminderServiceImpl - Found 0 due reminders
2026-04-17 16:58:55.286 [scheduling-1] DEBUG c.example.esp32_robot.scheduler.ReminderScheduler - Checking due reminders...
2026-04-17 16:58:55.287 [scheduling-1] INFO  c.e.esp32_robot.service.impl.ReminderServiceImpl - Fetching due reminders
2026-04-17 16:58:55.289 [scheduling-1] INFO  c.e.esp32_robot.service.impl.ReminderServiceImpl - Found 0 due reminders
2026-04-17 16:59:25.291 [scheduling-1] DEBUG c.example.esp32_robot.scheduler.ReminderScheduler - Checking due reminders...
2026-04-17 16:59:25.292 [scheduling-1] INFO  c.e.esp32_robot.service.impl.ReminderServiceImpl - Fetching due reminders
2026-04-17 16:59:25.294 [scheduling-1] INFO  c.e.esp32_robot.service.impl.ReminderServiceImpl - Found 0 due reminders
2026-04-17 16:59:55.304 [scheduling-1] DEBUG c.example.esp32_robot.scheduler.ReminderScheduler - Checking due reminders...
2026-04-17 16:59:55.305 [scheduling-1] INFO  c.e.esp32_robot.service.impl.ReminderServiceImpl - Fetching due reminders
2026-04-17 16:59:55.307 [scheduling-1] INFO  c.e.esp32_robot.service.impl.ReminderServiceImpl - Found 0 due reminders
2026-04-17 17:00:25.323 [scheduling-1] DEBUG c.example.esp32_robot.scheduler.ReminderScheduler - Checking due reminders...
2026-04-17 17:00:25.324 [scheduling-1] INFO  c.e.esp32_robot.service.impl.ReminderServiceImpl - Fetching due reminders
2026-04-17 17:00:25.327 [scheduling-1] INFO  c.e.esp32_robot.service.impl.ReminderServiceImpl - Found 0 due reminders
2026-04-17 17:00:55.340 [scheduling-1] DEBUG c.example.esp32_robot.scheduler.ReminderScheduler - Checking due reminders...
2026-04-17 17:00:55.343 [scheduling-1] INFO  c.e.esp32_robot.service.impl.ReminderServiceImpl - Fetching due reminders
2026-04-17 17:00:55.346 [scheduling-1] INFO  c.e.esp32_robot.service.impl.ReminderServiceImpl - Found 0 due reminders
2026-04-17 17:01:25.352 [scheduling-1] DEBUG c.example.esp32_robot.scheduler.ReminderScheduler - Checking due reminders...
2026-04-17 17:01:25.352 [scheduling-1] INFO  c.e.esp32_robot.service.impl.ReminderServiceImpl - Fetching due reminders
2026-04-17 17:01:25.355 [scheduling-1] INFO  c.e.esp32_robot.service.impl.ReminderServiceImpl - Found 0 due reminders
2026-04-17 17:01:55.372 [scheduling-1] DEBUG c.example.esp32_robot.scheduler.ReminderScheduler - Checking due reminders...
2026-04-17 17:01:55.374 [scheduling-1] INFO  c.e.esp32_robot.service.impl.ReminderServiceImpl - Fetching due reminders
2026-04-17 17:01:55.376 [scheduling-1] INFO  c.e.esp32_robot.service.impl.ReminderServiceImpl - Found 0 due reminders
2026-04-17 17:02:25.379 [scheduling-1] DEBUG c.example.esp32_robot.scheduler.ReminderScheduler - Checking due reminders...
2026-04-17 17:02:25.380 [scheduling-1] INFO  c.e.esp32_robot.service.impl.ReminderServiceImpl - Fetching due reminders
2026-04-17 17:02:25.383 [scheduling-1] INFO  c.e.esp32_robot.service.impl.ReminderServiceImpl - Found 0 due reminders
2026-04-17 17:02:55.390 [scheduling-1] DEBUG c.example.esp32_robot.scheduler.ReminderScheduler - Checking due reminders...
2026-04-17 17:02:55.392 [scheduling-1] INFO  c.e.esp32_robot.service.impl.ReminderServiceImpl - Fetching due reminders
2026-04-17 17:02:55.395 [scheduling-1] INFO  c.e.esp32_robot.service.impl.ReminderServiceImpl - Found 0 due reminders
2026-04-17 17:03:25.406 [scheduling-1] DEBUG c.example.esp32_robot.scheduler.ReminderScheduler - Checking due reminders...
2026-04-17 17:03:25.407 [scheduling-1] INFO  c.e.esp32_robot.service.impl.ReminderServiceImpl - Fetching due reminders
2026-04-17 17:03:25.410 [scheduling-1] INFO  c.e.esp32_robot.service.impl.ReminderServiceImpl - Found 0 due reminders
2026-04-17 17:03:55.421 [scheduling-1] DEBUG c.example.esp32_robot.scheduler.ReminderScheduler - Checking due reminders...
2026-04-17 17:03:55.422 [scheduling-1] INFO  c.e.esp32_robot.service.impl.ReminderServiceImpl - Fetching due reminders
2026-04-17 17:03:55.425 [scheduling-1] INFO  c.e.esp32_robot.service.impl.ReminderServiceImpl - Found 0 due reminders
2026-04-17 17:04:25.437 [scheduling-1] DEBUG c.example.esp32_robot.scheduler.ReminderScheduler - Checking due reminders...
2026-04-17 17:04:25.438 [scheduling-1] INFO  c.e.esp32_robot.service.impl.ReminderServiceImpl - Fetching due reminders
2026-04-17 17:04:25.441 [scheduling-1] INFO  c.e.esp32_robot.service.impl.ReminderServiceImpl - Found 0 due reminders
2026-04-17 17:04:55.456 [scheduling-1] DEBUG c.example.esp32_robot.scheduler.ReminderScheduler - Checking due reminders...
2026-04-17 17:04:55.458 [scheduling-1] INFO  c.e.esp32_robot.service.impl.ReminderServiceImpl - Fetching due reminders
2026-04-17 17:04:55.460 [scheduling-1] INFO  c.e.esp32_robot.service.impl.ReminderServiceImpl - Found 0 due reminders
2026-04-17 17:05:25.465 [scheduling-1] DEBUG c.example.esp32_robot.scheduler.ReminderScheduler - Checking due reminders...
2026-04-17 17:05:25.466 [scheduling-1] INFO  c.e.esp32_robot.service.impl.ReminderServiceImpl - Fetching due reminders
2026-04-17 17:05:25.469 [scheduling-1] INFO  c.e.esp32_robot.service.impl.ReminderServiceImpl - Found 0 due reminders
2026-04-17 17:05:55.472 [scheduling-1] DEBUG c.example.esp32_robot.scheduler.ReminderScheduler - Checking due reminders...
2026-04-17 17:05:55.473 [scheduling-1] INFO  c.e.esp32_robot.service.impl.ReminderServiceImpl - Fetching due reminders
2026-04-17 17:05:55.478 [scheduling-1] INFO  c.e.esp32_robot.service.impl.ReminderServiceImpl - Found 0 due reminders
2026-04-17 17:05:57.059 [http-nio-8080-exec-4] INFO  org.springdoc.api.AbstractOpenApiResource - Init duration for springdoc-openapi is: 2842 ms
2026-04-17 17:06:25.484 [scheduling-1] DEBUG c.example.esp32_robot.scheduler.ReminderScheduler - Checking due reminders...
2026-04-17 17:06:25.486 [scheduling-1] INFO  c.e.esp32_robot.service.impl.ReminderServiceImpl - Fetching due reminders
2026-04-17 17:06:25.489 [scheduling-1] INFO  c.e.esp32_robot.service.impl.ReminderServiceImpl - Found 0 due reminders
2026-04-17 17:06:55.499 [scheduling-1] DEBUG c.example.esp32_robot.scheduler.ReminderScheduler - Checking due reminders...
2026-04-17 17:06:55.500 [scheduling-1] INFO  c.e.esp32_robot.service.impl.ReminderServiceImpl - Fetching due reminders
2026-04-17 17:06:55.503 [scheduling-1] INFO  c.e.esp32_robot.service.impl.ReminderServiceImpl - Found 0 due reminders
2026-04-17 17:07:25.518 [scheduling-1] DEBUG c.example.esp32_robot.scheduler.ReminderScheduler - Checking due reminders...
2026-04-17 17:07:25.519 [scheduling-1] INFO  c.e.esp32_robot.service.impl.ReminderServiceImpl - Fetching due reminders
2026-04-17 17:07:25.521 [scheduling-1] INFO  c.e.esp32_robot.service.impl.ReminderServiceImpl - Found 0 due reminders
2026-04-17 17:07:55.523 [scheduling-1] DEBUG c.example.esp32_robot.scheduler.ReminderScheduler - Checking due reminders...
2026-04-17 17:07:55.525 [scheduling-1] INFO  c.e.esp32_robot.service.impl.ReminderServiceImpl - Fetching due reminders
2026-04-17 17:07:55.525 [scheduling-1] INFO  c.e.esp32_robot.service.impl.ReminderServiceImpl - Found 0 due reminders
2026-04-17 17:08:25.539 [scheduling-1] DEBUG c.example.esp32_robot.scheduler.ReminderScheduler - Checking due reminders...
2026-04-17 17:08:25.540 [scheduling-1] INFO  c.e.esp32_robot.service.impl.ReminderServiceImpl - Fetching due reminders
2026-04-17 17:08:25.543 [scheduling-1] INFO  c.e.esp32_robot.service.impl.ReminderServiceImpl - Found 0 due reminders
2026-04-17 17:08:55.553 [scheduling-1] DEBUG c.example.esp32_robot.scheduler.ReminderScheduler - Checking due reminders...
2026-04-17 17:08:55.554 [scheduling-1] INFO  c.e.esp32_robot.service.impl.ReminderServiceImpl - Fetching due reminders
2026-04-17 17:08:55.558 [scheduling-1] INFO  c.e.esp32_robot.service.impl.ReminderServiceImpl - Found 0 due reminders
2026-04-17 17:09:25.565 [scheduling-1] DEBUG c.example.esp32_robot.scheduler.ReminderScheduler - Checking due reminders...
2026-04-17 17:09:25.565 [scheduling-1] INFO  c.e.esp32_robot.service.impl.ReminderServiceImpl - Fetching due reminders
2026-04-17 17:09:25.565 [scheduling-1] INFO  c.e.esp32_robot.service.impl.ReminderServiceImpl - Found 0 due reminders
2026-04-17 17:09:55.573 [scheduling-1] DEBUG c.example.esp32_robot.scheduler.ReminderScheduler - Checking due reminders...
2026-04-17 17:09:55.573 [scheduling-1] INFO  c.e.esp32_robot.service.impl.ReminderServiceImpl - Fetching due reminders
2026-04-17 17:09:55.577 [scheduling-1] INFO  c.e.esp32_robot.service.impl.ReminderServiceImpl - Found 0 due reminders
2026-04-17 17:10:25.584 [scheduling-1] DEBUG c.example.esp32_robot.scheduler.ReminderScheduler - Checking due reminders...
2026-04-17 17:10:25.584 [scheduling-1] INFO  c.e.esp32_robot.service.impl.ReminderServiceImpl - Fetching due reminders
2026-04-17 17:10:25.584 [scheduling-1] INFO  c.e.esp32_robot.service.impl.ReminderServiceImpl - Found 0 due reminders
2026-04-17 17:10:55.603 [scheduling-1] DEBUG c.example.esp32_robot.scheduler.ReminderScheduler - Checking due reminders...
2026-04-17 17:10:55.603 [scheduling-1] INFO  c.e.esp32_robot.service.impl.ReminderServiceImpl - Fetching due reminders
2026-04-17 17:10:55.605 [scheduling-1] INFO  c.e.esp32_robot.service.impl.ReminderServiceImpl - Found 0 due reminders
2026-04-17 17:11:25.621 [scheduling-1] DEBUG c.example.esp32_robot.scheduler.ReminderScheduler - Checking due reminders...
2026-04-17 17:11:25.622 [scheduling-1] INFO  c.e.esp32_robot.service.impl.ReminderServiceImpl - Fetching due reminders
2026-04-17 17:11:25.626 [scheduling-1] INFO  c.e.esp32_robot.service.impl.ReminderServiceImpl - Found 0 due reminders
2026-04-17 17:11:55.637 [scheduling-1] DEBUG c.example.esp32_robot.scheduler.ReminderScheduler - Checking due reminders...
2026-04-17 17:11:55.638 [scheduling-1] INFO  c.e.esp32_robot.service.impl.ReminderServiceImpl - Fetching due reminders
2026-04-17 17:11:55.641 [scheduling-1] INFO  c.e.esp32_robot.service.impl.ReminderServiceImpl - Found 0 due reminders
2026-04-17 17:12:25.643 [scheduling-1] DEBUG c.example.esp32_robot.scheduler.ReminderScheduler - Checking due reminders...
2026-04-17 17:12:25.644 [scheduling-1] INFO  c.e.esp32_robot.service.impl.ReminderServiceImpl - Fetching due reminders
2026-04-17 17:12:25.647 [scheduling-1] INFO  c.e.esp32_robot.service.impl.ReminderServiceImpl - Found 0 due reminders
2026-04-17 17:12:55.653 [scheduling-1] DEBUG c.example.esp32_robot.scheduler.ReminderScheduler - Checking due reminders...
2026-04-17 17:12:55.654 [scheduling-1] INFO  c.e.esp32_robot.service.impl.ReminderServiceImpl - Fetching due reminders
2026-04-17 17:12:55.657 [scheduling-1] INFO  c.e.esp32_robot.service.impl.ReminderServiceImpl - Found 0 due reminders
2026-04-17 17:13:25.673 [scheduling-1] DEBUG c.example.esp32_robot.scheduler.ReminderScheduler - Checking due reminders...
2026-04-17 17:13:25.673 [scheduling-1] INFO  c.e.esp32_robot.service.impl.ReminderServiceImpl - Fetching due reminders
2026-04-17 17:13:25.673 [scheduling-1] INFO  c.e.esp32_robot.service.impl.ReminderServiceImpl - Found 0 due reminders
2026-04-17 17:13:55.678 [scheduling-1] DEBUG c.example.esp32_robot.scheduler.ReminderScheduler - Checking due reminders...
2026-04-17 17:13:55.680 [scheduling-1] INFO  c.e.esp32_robot.service.impl.ReminderServiceImpl - Fetching due reminders
2026-04-17 17:13:55.680 [scheduling-1] INFO  c.e.esp32_robot.service.impl.ReminderServiceImpl - Found 0 due reminders
2026-04-17 17:14:25.687 [scheduling-1] DEBUG c.example.esp32_robot.scheduler.ReminderScheduler - Checking due reminders...
2026-04-17 17:14:25.688 [scheduling-1] INFO  c.e.esp32_robot.service.impl.ReminderServiceImpl - Fetching due reminders
2026-04-17 17:14:25.694 [scheduling-1] INFO  c.e.esp32_robot.service.impl.ReminderServiceImpl - Found 0 due reminders
2026-04-17 17:14:55.699 [scheduling-1] DEBUG c.example.esp32_robot.scheduler.ReminderScheduler - Checking due reminders...
2026-04-17 17:14:55.699 [scheduling-1] INFO  c.e.esp32_robot.service.impl.ReminderServiceImpl - Fetching due reminders
2026-04-17 17:14:55.701 [scheduling-1] INFO  c.e.esp32_robot.service.impl.ReminderServiceImpl - Found 0 due reminders
2026-04-17 17:15:25.718 [scheduling-1] DEBUG c.example.esp32_robot.scheduler.ReminderScheduler - Checking due reminders...
2026-04-17 17:15:25.718 [scheduling-1] INFO  c.e.esp32_robot.service.impl.ReminderServiceImpl - Fetching due reminders
2026-04-17 17:15:25.718 [scheduling-1] INFO  c.e.esp32_robot.service.impl.ReminderServiceImpl - Found 0 due reminders
2026-04-17 17:15:55.735 [scheduling-1] DEBUG c.example.esp32_robot.scheduler.ReminderScheduler - Checking due reminders...
2026-04-17 17:15:55.735 [scheduling-1] INFO  c.e.esp32_robot.service.impl.ReminderServiceImpl - Fetching due reminders
2026-04-17 17:15:55.735 [scheduling-1] INFO  c.e.esp32_robot.service.impl.ReminderServiceImpl - Found 0 due reminders
2026-04-17 17:16:25.753 [scheduling-1] DEBUG c.example.esp32_robot.scheduler.ReminderScheduler - Checking due reminders...
2026-04-17 17:16:25.753 [scheduling-1] INFO  c.e.esp32_robot.service.impl.ReminderServiceImpl - Fetching due reminders
2026-04-17 17:16:25.753 [scheduling-1] INFO  c.e.esp32_robot.service.impl.ReminderServiceImpl - Found 0 due reminders
2026-04-17 17:16:55.765 [scheduling-1] DEBUG c.example.esp32_robot.scheduler.ReminderScheduler - Checking due reminders...
2026-04-17 17:16:55.765 [scheduling-1] INFO  c.e.esp32_robot.service.impl.ReminderServiceImpl - Fetching due reminders
2026-04-17 17:16:55.767 [scheduling-1] INFO  c.e.esp32_robot.service.impl.ReminderServiceImpl - Found 0 due reminders
2026-04-17 17:17:25.773 [scheduling-1] DEBUG c.example.esp32_robot.scheduler.ReminderScheduler - Checking due reminders...
2026-04-17 17:17:25.774 [scheduling-1] INFO  c.e.esp32_robot.service.impl.ReminderServiceImpl - Fetching due reminders
2026-04-17 17:17:25.777 [scheduling-1] INFO  c.e.esp32_robot.service.impl.ReminderServiceImpl - Found 0 due reminders
2026-04-17 17:17:55.784 [scheduling-1] DEBUG c.example.esp32_robot.scheduler.ReminderScheduler - Checking due reminders...
2026-04-17 17:17:55.784 [scheduling-1] INFO  c.e.esp32_robot.service.impl.ReminderServiceImpl - Fetching due reminders
2026-04-17 17:17:55.786 [scheduling-1] INFO  c.e.esp32_robot.service.impl.ReminderServiceImpl - Found 0 due reminders
2026-04-17 17:18:25.803 [scheduling-1] DEBUG c.example.esp32_robot.scheduler.ReminderScheduler - Checking due reminders...
2026-04-17 17:18:25.804 [scheduling-1] INFO  c.e.esp32_robot.service.impl.ReminderServiceImpl - Fetching due reminders
2026-04-17 17:18:25.806 [scheduling-1] INFO  c.e.esp32_robot.service.impl.ReminderServiceImpl - Found 0 due reminders
2026-04-17 17:18:55.813 [scheduling-1] DEBUG c.example.esp32_robot.scheduler.ReminderScheduler - Checking due reminders...
2026-04-17 17:18:55.813 [scheduling-1] INFO  c.e.esp32_robot.service.impl.ReminderServiceImpl - Fetching due reminders
2026-04-17 17:18:55.817 [scheduling-1] INFO  c.e.esp32_robot.service.impl.ReminderServiceImpl - Found 0 due reminders
2026-04-17 17:19:25.826 [scheduling-1] DEBUG c.example.esp32_robot.scheduler.ReminderScheduler - Checking due reminders...
2026-04-17 17:19:25.826 [scheduling-1] INFO  c.e.esp32_robot.service.impl.ReminderServiceImpl - Fetching due reminders
2026-04-17 17:19:25.828 [scheduling-1] INFO  c.e.esp32_robot.service.impl.ReminderServiceImpl - Found 0 due reminders
2026-04-17 17:19:55.833 [scheduling-1] DEBUG c.example.esp32_robot.scheduler.ReminderScheduler - Checking due reminders...
2026-04-17 17:19:55.834 [scheduling-1] INFO  c.e.esp32_robot.service.impl.ReminderServiceImpl - Fetching due reminders
2026-04-17 17:19:55.834 [scheduling-1] INFO  c.e.esp32_robot.service.impl.ReminderServiceImpl - Found 0 due reminders
2026-04-17 17:20:25.841 [scheduling-1] DEBUG c.example.esp32_robot.scheduler.ReminderScheduler - Checking due reminders...
2026-04-17 17:20:25.843 [scheduling-1] INFO  c.e.esp32_robot.service.impl.ReminderServiceImpl - Fetching due reminders
2026-04-17 17:20:25.846 [scheduling-1] INFO  c.e.esp32_robot.service.impl.ReminderServiceImpl - Found 0 due reminders
2026-04-17 17:20:55.849 [scheduling-1] DEBUG c.example.esp32_robot.scheduler.ReminderScheduler - Checking due reminders...
2026-04-17 17:20:55.849 [scheduling-1] INFO  c.e.esp32_robot.service.impl.ReminderServiceImpl - Fetching due reminders
2026-04-17 17:20:55.849 [scheduling-1] INFO  c.e.esp32_robot.service.impl.ReminderServiceImpl - Found 0 due reminders
2026-04-17 17:21:25.865 [scheduling-1] DEBUG c.example.esp32_robot.scheduler.ReminderScheduler - Checking due reminders...
2026-04-17 17:21:25.865 [scheduling-1] INFO  c.e.esp32_robot.service.impl.ReminderServiceImpl - Fetching due reminders
2026-04-17 17:21:25.865 [scheduling-1] INFO  c.e.esp32_robot.service.impl.ReminderServiceImpl - Found 0 due reminders
2026-04-17 17:21:55.873 [scheduling-1] DEBUG c.example.esp32_robot.scheduler.ReminderScheduler - Checking due reminders...
2026-04-17 17:21:55.875 [scheduling-1] INFO  c.e.esp32_robot.service.impl.ReminderServiceImpl - Fetching due reminders
2026-04-17 17:21:55.878 [scheduling-1] INFO  c.e.esp32_robot.service.impl.ReminderServiceImpl - Found 0 due reminders
2026-04-17 17:22:25.887 [scheduling-1] DEBUG c.example.esp32_robot.scheduler.ReminderScheduler - Checking due reminders...
2026-04-17 17:22:25.888 [scheduling-1] INFO  c.e.esp32_robot.service.impl.ReminderServiceImpl - Fetching due reminders
2026-04-17 17:22:25.890 [scheduling-1] INFO  c.e.esp32_robot.service.impl.ReminderServiceImpl - Found 0 due reminders
2026-04-17 17:22:55.891 [scheduling-1] DEBUG c.example.esp32_robot.scheduler.ReminderScheduler - Checking due reminders...
2026-04-17 17:22:55.891 [scheduling-1] INFO  c.e.esp32_robot.service.impl.ReminderServiceImpl - Fetching due reminders
2026-04-17 17:22:55.891 [scheduling-1] INFO  c.e.esp32_robot.service.impl.ReminderServiceImpl - Found 0 due reminders
2026-04-17 17:23:25.903 [scheduling-1] DEBUG c.example.esp32_robot.scheduler.ReminderScheduler - Checking due reminders...
2026-04-17 17:23:25.905 [scheduling-1] INFO  c.e.esp32_robot.service.impl.ReminderServiceImpl - Fetching due reminders
2026-04-17 17:23:25.906 [scheduling-1] INFO  c.e.esp32_robot.service.impl.ReminderServiceImpl - Found 0 due reminders
2026-04-17 17:23:55.919 [scheduling-1] DEBUG c.example.esp32_robot.scheduler.ReminderScheduler - Checking due reminders...
2026-04-17 17:23:55.919 [scheduling-1] INFO  c.e.esp32_robot.service.impl.ReminderServiceImpl - Fetching due reminders
2026-04-17 17:23:55.919 [scheduling-1] INFO  c.e.esp32_robot.service.impl.ReminderServiceImpl - Found 0 due reminders
2026-04-17 17:24:25.932 [scheduling-1] DEBUG c.example.esp32_robot.scheduler.ReminderScheduler - Checking due reminders...
2026-04-17 17:24:25.933 [scheduling-1] INFO  c.e.esp32_robot.service.impl.ReminderServiceImpl - Fetching due reminders
2026-04-17 17:24:25.934 [scheduling-1] INFO  c.e.esp32_robot.service.impl.ReminderServiceImpl - Found 0 due reminders
2026-04-17 17:24:55.950 [scheduling-1] DEBUG c.example.esp32_robot.scheduler.ReminderScheduler - Checking due reminders...
2026-04-17 17:24:55.950 [scheduling-1] INFO  c.e.esp32_robot.service.impl.ReminderServiceImpl - Fetching due reminders
2026-04-17 17:24:55.953 [scheduling-1] INFO  c.e.esp32_robot.service.impl.ReminderServiceImpl - Found 0 due reminders
2026-04-17 17:25:25.959 [scheduling-1] DEBUG c.example.esp32_robot.scheduler.ReminderScheduler - Checking due reminders...
2026-04-17 17:25:25.960 [scheduling-1] INFO  c.e.esp32_robot.service.impl.ReminderServiceImpl - Fetching due reminders
2026-04-17 17:25:25.962 [scheduling-1] INFO  c.e.esp32_robot.service.impl.ReminderServiceImpl - Found 0 due reminders
2026-04-17 17:25:55.968 [scheduling-1] DEBUG c.example.esp32_robot.scheduler.ReminderScheduler - Checking due reminders...
2026-04-17 17:25:55.968 [scheduling-1] INFO  c.e.esp32_robot.service.impl.ReminderServiceImpl - Fetching due reminders
2026-04-17 17:25:55.968 [scheduling-1] INFO  c.e.esp32_robot.service.impl.ReminderServiceImpl - Found 0 due reminders
2026-04-17 17:26:25.972 [scheduling-1] DEBUG c.example.esp32_robot.scheduler.ReminderScheduler - Checking due reminders...
2026-04-17 17:26:25.973 [scheduling-1] INFO  c.e.esp32_robot.service.impl.ReminderServiceImpl - Fetching due reminders
2026-04-17 17:26:25.976 [scheduling-1] INFO  c.e.esp32_robot.service.impl.ReminderServiceImpl - Found 0 due reminders
2026-04-17 17:26:55.984 [scheduling-1] DEBUG c.example.esp32_robot.scheduler.ReminderScheduler - Checking due reminders...
2026-04-17 17:26:55.985 [scheduling-1] INFO  c.e.esp32_robot.service.impl.ReminderServiceImpl - Fetching due reminders
2026-04-17 17:26:55.987 [scheduling-1] INFO  c.e.esp32_robot.service.impl.ReminderServiceImpl - Found 0 due reminders
2026-04-17 17:27:25.992 [scheduling-1] DEBUG c.example.esp32_robot.scheduler.ReminderScheduler - Checking due reminders...
2026-04-17 17:27:25.993 [scheduling-1] INFO  c.e.esp32_robot.service.impl.ReminderServiceImpl - Fetching due reminders
2026-04-17 17:27:25.995 [scheduling-1] INFO  c.e.esp32_robot.service.impl.ReminderServiceImpl - Found 0 due reminders
2026-04-17 17:27:56.004 [scheduling-1] DEBUG c.example.esp32_robot.scheduler.ReminderScheduler - Checking due reminders...
2026-04-17 17:27:56.005 [scheduling-1] INFO  c.e.esp32_robot.service.impl.ReminderServiceImpl - Fetching due reminders
2026-04-17 17:27:56.007 [scheduling-1] INFO  c.e.esp32_robot.service.impl.ReminderServiceImpl - Found 0 due reminders
2026-04-17 17:28:26.009 [scheduling-1] DEBUG c.example.esp32_robot.scheduler.ReminderScheduler - Checking due reminders...
2026-04-17 17:28:26.010 [scheduling-1] INFO  c.e.esp32_robot.service.impl.ReminderServiceImpl - Fetching due reminders
2026-04-17 17:28:26.013 [scheduling-1] INFO  c.e.esp32_robot.service.impl.ReminderServiceImpl - Found 0 due reminders
2026-04-17 17:28:56.028 [scheduling-1] DEBUG c.example.esp32_robot.scheduler.ReminderScheduler - Checking due reminders...
2026-04-17 17:28:56.029 [scheduling-1] INFO  c.e.esp32_robot.service.impl.ReminderServiceImpl - Fetching due reminders
2026-04-17 17:28:56.031 [scheduling-1] INFO  c.e.esp32_robot.service.impl.ReminderServiceImpl - Found 0 due reminders
2026-04-17 17:29:26.033 [scheduling-1] DEBUG c.example.esp32_robot.scheduler.ReminderScheduler - Checking due reminders...
2026-04-17 17:29:26.034 [scheduling-1] INFO  c.e.esp32_robot.service.impl.ReminderServiceImpl - Fetching due reminders
2026-04-17 17:29:26.036 [scheduling-1] INFO  c.e.esp32_robot.service.impl.ReminderServiceImpl - Found 0 due reminders
2026-04-17 17:29:56.038 [scheduling-1] DEBUG c.example.esp32_robot.scheduler.ReminderScheduler - Checking due reminders...
2026-04-17 17:29:56.039 [scheduling-1] INFO  c.e.esp32_robot.service.impl.ReminderServiceImpl - Fetching due reminders
2026-04-17 17:29:56.042 [scheduling-1] INFO  c.e.esp32_robot.service.impl.ReminderServiceImpl - Found 0 due reminders
2026-04-17 17:30:26.048 [scheduling-1] DEBUG c.example.esp32_robot.scheduler.ReminderScheduler - Checking due reminders...
2026-04-17 17:30:26.049 [scheduling-1] INFO  c.e.esp32_robot.service.impl.ReminderServiceImpl - Fetching due reminders
2026-04-17 17:30:26.051 [scheduling-1] INFO  c.e.esp32_robot.service.impl.ReminderServiceImpl - Found 0 due reminders
2026-04-17 17:30:56.059 [scheduling-1] DEBUG c.example.esp32_robot.scheduler.ReminderScheduler - Checking due reminders...
2026-04-17 17:30:56.060 [scheduling-1] INFO  c.e.esp32_robot.service.impl.ReminderServiceImpl - Fetching due reminders
2026-04-17 17:30:56.062 [scheduling-1] INFO  c.e.esp32_robot.service.impl.ReminderServiceImpl - Found 0 due reminders
2026-04-17 17:31:26.070 [scheduling-1] DEBUG c.example.esp32_robot.scheduler.ReminderScheduler - Checking due reminders...
2026-04-17 17:31:26.071 [scheduling-1] INFO  c.e.esp32_robot.service.impl.ReminderServiceImpl - Fetching due reminders
2026-04-17 17:31:26.073 [scheduling-1] INFO  c.e.esp32_robot.service.impl.ReminderServiceImpl - Found 0 due reminders
2026-04-17 17:31:56.084 [scheduling-1] DEBUG c.example.esp32_robot.scheduler.ReminderScheduler - Checking due reminders...
2026-04-17 17:31:56.084 [scheduling-1] INFO  c.e.esp32_robot.service.impl.ReminderServiceImpl - Fetching due reminders
2026-04-17 17:31:56.087 [scheduling-1] INFO  c.e.esp32_robot.service.impl.ReminderServiceImpl - Found 0 due reminders
2026-04-17 17:32:26.090 [scheduling-1] DEBUG c.example.esp32_robot.scheduler.ReminderScheduler - Checking due reminders...
2026-04-17 17:32:26.092 [scheduling-1] INFO  c.e.esp32_robot.service.impl.ReminderServiceImpl - Fetching due reminders
2026-04-17 17:32:26.094 [scheduling-1] INFO  c.e.esp32_robot.service.impl.ReminderServiceImpl - Found 0 due reminders
2026-04-17 17:32:56.106 [scheduling-1] DEBUG c.example.esp32_robot.scheduler.ReminderScheduler - Checking due reminders...
2026-04-17 17:32:56.107 [scheduling-1] INFO  c.e.esp32_robot.service.impl.ReminderServiceImpl - Fetching due reminders
2026-04-17 17:32:56.109 [scheduling-1] INFO  c.e.esp32_robot.service.impl.ReminderServiceImpl - Found 0 due reminders
2026-04-17 17:33:26.120 [scheduling-1] DEBUG c.example.esp32_robot.scheduler.ReminderScheduler - Checking due reminders...
2026-04-17 17:33:26.121 [scheduling-1] INFO  c.e.esp32_robot.service.impl.ReminderServiceImpl - Fetching due reminders
2026-04-17 17:33:26.124 [scheduling-1] INFO  c.e.esp32_robot.service.impl.ReminderServiceImpl - Found 0 due reminders
2026-04-17 17:33:56.130 [scheduling-1] DEBUG c.example.esp32_robot.scheduler.ReminderScheduler - Checking due reminders...
2026-04-17 17:33:56.131 [scheduling-1] INFO  c.e.esp32_robot.service.impl.ReminderServiceImpl - Fetching due reminders
2026-04-17 17:33:56.133 [scheduling-1] INFO  c.e.esp32_robot.service.impl.ReminderServiceImpl - Found 0 due reminders
2026-04-17 17:34:26.140 [scheduling-1] DEBUG c.example.esp32_robot.scheduler.ReminderScheduler - Checking due reminders...
2026-04-17 17:34:26.140 [scheduling-1] INFO  c.e.esp32_robot.service.impl.ReminderServiceImpl - Fetching due reminders
2026-04-17 17:34:26.143 [scheduling-1] INFO  c.e.esp32_robot.service.impl.ReminderServiceImpl - Found 0 due reminders
2026-04-17 17:34:56.146 [scheduling-1] DEBUG c.example.esp32_robot.scheduler.ReminderScheduler - Checking due reminders...
2026-04-17 17:34:56.147 [scheduling-1] INFO  c.e.esp32_robot.service.impl.ReminderServiceImpl - Fetching due reminders
2026-04-17 17:34:56.149 [scheduling-1] INFO  c.e.esp32_robot.service.impl.ReminderServiceImpl - Found 0 due reminders
2026-04-17 17:35:26.155 [scheduling-1] DEBUG c.example.esp32_robot.scheduler.ReminderScheduler - Checking due reminders...
2026-04-17 17:35:26.156 [scheduling-1] INFO  c.e.esp32_robot.service.impl.ReminderServiceImpl - Fetching due reminders
2026-04-17 17:35:26.159 [scheduling-1] INFO  c.e.esp32_robot.service.impl.ReminderServiceImpl - Found 0 due reminders
2026-04-17 17:35:56.163 [scheduling-1] DEBUG c.example.esp32_robot.scheduler.ReminderScheduler - Checking due reminders...
2026-04-17 17:35:56.164 [scheduling-1] INFO  c.e.esp32_robot.service.impl.ReminderServiceImpl - Fetching due reminders
2026-04-17 17:35:56.166 [scheduling-1] INFO  c.e.esp32_robot.service.impl.ReminderServiceImpl - Found 0 due reminders
2026-04-17 17:36:26.178 [scheduling-1] DEBUG c.example.esp32_robot.scheduler.ReminderScheduler - Checking due reminders...
2026-04-17 17:36:26.178 [scheduling-1] INFO  c.e.esp32_robot.service.impl.ReminderServiceImpl - Fetching due reminders
2026-04-17 17:36:26.178 [scheduling-1] INFO  c.e.esp32_robot.service.impl.ReminderServiceImpl - Found 0 due reminders
2026-04-17 17:36:56.197 [scheduling-1] DEBUG c.example.esp32_robot.scheduler.ReminderScheduler - Checking due reminders...
2026-04-17 17:36:56.197 [scheduling-1] INFO  c.e.esp32_robot.service.impl.ReminderServiceImpl - Fetching due reminders
2026-04-17 17:36:56.197 [scheduling-1] INFO  c.e.esp32_robot.service.impl.ReminderServiceImpl - Found 0 due reminders
2026-04-17 17:37:26.205 [scheduling-1] DEBUG c.example.esp32_robot.scheduler.ReminderScheduler - Checking due reminders...
2026-04-17 17:37:26.206 [scheduling-1] INFO  c.e.esp32_robot.service.impl.ReminderServiceImpl - Fetching due reminders
2026-04-17 17:37:26.207 [scheduling-1] INFO  c.e.esp32_robot.service.impl.ReminderServiceImpl - Found 0 due reminders
2026-04-17 17:37:56.212 [scheduling-1] DEBUG c.example.esp32_robot.scheduler.ReminderScheduler - Checking due reminders...
2026-04-17 17:37:56.213 [scheduling-1] INFO  c.e.esp32_robot.service.impl.ReminderServiceImpl - Fetching due reminders
2026-04-17 17:37:56.215 [scheduling-1] INFO  c.e.esp32_robot.service.impl.ReminderServiceImpl - Found 0 due reminders
2026-04-17 17:38:26.216 [scheduling-1] DEBUG c.example.esp32_robot.scheduler.ReminderScheduler - Checking due reminders...
2026-04-17 17:38:26.218 [scheduling-1] INFO  c.e.esp32_robot.service.impl.ReminderServiceImpl - Fetching due reminders
2026-04-17 17:38:26.220 [scheduling-1] INFO  c.e.esp32_robot.service.impl.ReminderServiceImpl - Found 0 due reminders
2026-04-17 17:38:56.225 [scheduling-1] DEBUG c.example.esp32_robot.scheduler.ReminderScheduler - Checking due reminders...
2026-04-17 17:38:56.226 [scheduling-1] INFO  c.e.esp32_robot.service.impl.ReminderServiceImpl - Fetching due reminders
2026-04-17 17:38:56.227 [scheduling-1] INFO  c.e.esp32_robot.service.impl.ReminderServiceImpl - Found 0 due reminders
2026-04-17 17:39:26.239 [scheduling-1] DEBUG c.example.esp32_robot.scheduler.ReminderScheduler - Checking due reminders...
2026-04-17 17:39:26.239 [scheduling-1] INFO  c.e.esp32_robot.service.impl.ReminderServiceImpl - Fetching due reminders
2026-04-17 17:39:26.239 [scheduling-1] INFO  c.e.esp32_robot.service.impl.ReminderServiceImpl - Found 0 due reminders
2026-04-17 17:39:56.244 [scheduling-1] DEBUG c.example.esp32_robot.scheduler.ReminderScheduler - Checking due reminders...
2026-04-17 17:39:56.244 [scheduling-1] INFO  c.e.esp32_robot.service.impl.ReminderServiceImpl - Fetching due reminders
2026-04-17 17:39:56.244 [scheduling-1] INFO  c.e.esp32_robot.service.impl.ReminderServiceImpl - Found 0 due reminders
2026-04-17 17:40:26.257 [scheduling-1] DEBUG c.example.esp32_robot.scheduler.ReminderScheduler - Checking due reminders...
2026-04-17 17:40:26.258 [scheduling-1] INFO  c.e.esp32_robot.service.impl.ReminderServiceImpl - Fetching due reminders
2026-04-17 17:40:26.265 [scheduling-1] INFO  c.e.esp32_robot.service.impl.ReminderServiceImpl - Found 0 due reminders
2026-04-17 17:40:56.280 [scheduling-1] DEBUG c.example.esp32_robot.scheduler.ReminderScheduler - Checking due reminders...
2026-04-17 17:40:56.281 [scheduling-1] INFO  c.e.esp32_robot.service.impl.ReminderServiceImpl - Fetching due reminders
2026-04-17 17:40:56.284 [scheduling-1] INFO  c.e.esp32_robot.service.impl.ReminderServiceImpl - Found 0 due reminders
2026-04-17 17:41:26.293 [scheduling-1] DEBUG c.example.esp32_robot.scheduler.ReminderScheduler - Checking due reminders...
2026-04-17 17:41:26.293 [scheduling-1] INFO  c.e.esp32_robot.service.impl.ReminderServiceImpl - Fetching due reminders
2026-04-17 17:41:26.298 [scheduling-1] INFO  c.e.esp32_robot.service.impl.ReminderServiceImpl - Found 0 due reminders
2026-04-17 17:41:56.309 [scheduling-1] DEBUG c.example.esp32_robot.scheduler.ReminderScheduler - Checking due reminders...
2026-04-17 17:41:56.310 [scheduling-1] INFO  c.e.esp32_robot.service.impl.ReminderServiceImpl - Fetching due reminders
2026-04-17 17:41:56.310 [scheduling-1] INFO  c.e.esp32_robot.service.impl.ReminderServiceImpl - Found 0 due reminders
2026-04-17 17:42:26.317 [scheduling-1] DEBUG c.example.esp32_robot.scheduler.ReminderScheduler - Checking due reminders...
2026-04-17 17:42:26.318 [scheduling-1] INFO  c.e.esp32_robot.service.impl.ReminderServiceImpl - Fetching due reminders
2026-04-17 17:42:26.320 [scheduling-1] INFO  c.e.esp32_robot.service.impl.ReminderServiceImpl - Found 0 due reminders
2026-04-17 17:42:56.335 [scheduling-1] DEBUG c.example.esp32_robot.scheduler.ReminderScheduler - Checking due reminders...
2026-04-17 17:42:56.337 [scheduling-1] INFO  c.e.esp32_robot.service.impl.ReminderServiceImpl - Fetching due reminders
2026-04-17 17:42:56.338 [scheduling-1] INFO  c.e.esp32_robot.service.impl.ReminderServiceImpl - Found 0 due reminders
2026-04-17 17:43:26.348 [scheduling-1] DEBUG c.example.esp32_robot.scheduler.ReminderScheduler - Checking due reminders...
2026-04-17 17:43:26.349 [scheduling-1] INFO  c.e.esp32_robot.service.impl.ReminderServiceImpl - Fetching due reminders
2026-04-17 17:43:26.351 [scheduling-1] INFO  c.e.esp32_robot.service.impl.ReminderServiceImpl - Found 0 due reminders
2026-04-17 17:43:56.352 [scheduling-1] DEBUG c.example.esp32_robot.scheduler.ReminderScheduler - Checking due reminders...
2026-04-17 17:43:56.353 [scheduling-1] INFO  c.e.esp32_robot.service.impl.ReminderServiceImpl - Fetching due reminders
2026-04-17 17:43:56.355 [scheduling-1] INFO  c.e.esp32_robot.service.impl.ReminderServiceImpl - Found 0 due reminders
2026-04-17 17:44:26.363 [scheduling-1] DEBUG c.example.esp32_robot.scheduler.ReminderScheduler - Checking due reminders...
2026-04-17 17:44:26.363 [scheduling-1] INFO  c.e.esp32_robot.service.impl.ReminderServiceImpl - Fetching due reminders
2026-04-17 17:44:26.366 [scheduling-1] INFO  c.e.esp32_robot.service.impl.ReminderServiceImpl - Found 0 due reminders
2026-04-17 17:44:56.370 [scheduling-1] DEBUG c.example.esp32_robot.scheduler.ReminderScheduler - Checking due reminders...
2026-04-17 17:44:56.371 [scheduling-1] INFO  c.e.esp32_robot.service.impl.ReminderServiceImpl - Fetching due reminders
2026-04-17 17:44:56.373 [scheduling-1] INFO  c.e.esp32_robot.service.impl.ReminderServiceImpl - Found 0 due reminders
2026-04-17 17:45:26.381 [scheduling-1] DEBUG c.example.esp32_robot.scheduler.ReminderScheduler - Checking due reminders...
2026-04-17 17:45:26.382 [scheduling-1] INFO  c.e.esp32_robot.service.impl.ReminderServiceImpl - Fetching due reminders
2026-04-17 17:45:26.384 [scheduling-1] INFO  c.e.esp32_robot.service.impl.ReminderServiceImpl - Found 0 due reminders
2026-04-17 17:45:56.391 [scheduling-1] DEBUG c.example.esp32_robot.scheduler.ReminderScheduler - Checking due reminders...
2026-04-17 17:45:56.392 [scheduling-1] INFO  c.e.esp32_robot.service.impl.ReminderServiceImpl - Fetching due reminders
2026-04-17 17:45:56.394 [scheduling-1] INFO  c.e.esp32_robot.service.impl.ReminderServiceImpl - Found 0 due reminders
2026-04-17 17:46:26.408 [scheduling-1] DEBUG c.example.esp32_robot.scheduler.ReminderScheduler - Checking due reminders...
2026-04-17 17:46:26.409 [scheduling-1] INFO  c.e.esp32_robot.service.impl.ReminderServiceImpl - Fetching due reminders
2026-04-17 17:46:26.410 [scheduling-1] INFO  c.e.esp32_robot.service.impl.ReminderServiceImpl - Found 0 due reminders
2026-04-17 17:46:56.415 [scheduling-1] DEBUG c.example.esp32_robot.scheduler.ReminderScheduler - Checking due reminders...
2026-04-17 17:46:56.416 [scheduling-1] INFO  c.e.esp32_robot.service.impl.ReminderServiceImpl - Fetching due reminders
2026-04-17 17:46:56.419 [scheduling-1] INFO  c.e.esp32_robot.service.impl.ReminderServiceImpl - Found 0 due reminders
2026-04-17 17:47:26.431 [scheduling-1] DEBUG c.example.esp32_robot.scheduler.ReminderScheduler - Checking due reminders...
2026-04-17 17:47:26.431 [scheduling-1] INFO  c.e.esp32_robot.service.impl.ReminderServiceImpl - Fetching due reminders
2026-04-17 17:47:26.433 [scheduling-1] INFO  c.e.esp32_robot.service.impl.ReminderServiceImpl - Found 0 due reminders
2026-04-17 17:47:56.446 [scheduling-1] DEBUG c.example.esp32_robot.scheduler.ReminderScheduler - Checking due reminders...
2026-04-17 17:47:56.446 [scheduling-1] INFO  c.e.esp32_robot.service.impl.ReminderServiceImpl - Fetching due reminders
2026-04-17 17:47:56.450 [scheduling-1] INFO  c.e.esp32_robot.service.impl.ReminderServiceImpl - Found 0 due reminders
2026-04-17 17:48:26.458 [scheduling-1] DEBUG c.example.esp32_robot.scheduler.ReminderScheduler - Checking due reminders...
2026-04-17 17:48:26.459 [scheduling-1] INFO  c.e.esp32_robot.service.impl.ReminderServiceImpl - Fetching due reminders
2026-04-17 17:48:26.460 [scheduling-1] INFO  c.e.esp32_robot.service.impl.ReminderServiceImpl - Found 0 due reminders
2026-04-17 17:48:56.473 [scheduling-1] DEBUG c.example.esp32_robot.scheduler.ReminderScheduler - Checking due reminders...
2026-04-17 17:48:56.474 [scheduling-1] INFO  c.e.esp32_robot.service.impl.ReminderServiceImpl - Fetching due reminders
2026-04-17 17:48:56.476 [scheduling-1] INFO  c.e.esp32_robot.service.impl.ReminderServiceImpl - Found 0 due reminders
2026-04-17 17:49:26.486 [scheduling-1] DEBUG c.example.esp32_robot.scheduler.ReminderScheduler - Checking due reminders...
2026-04-17 17:49:26.486 [scheduling-1] INFO  c.e.esp32_robot.service.impl.ReminderServiceImpl - Fetching due reminders
2026-04-17 17:49:26.489 [scheduling-1] INFO  c.e.esp32_robot.service.impl.ReminderServiceImpl - Found 0 due reminders
2026-04-17 17:49:56.501 [scheduling-1] DEBUG c.example.esp32_robot.scheduler.ReminderScheduler - Checking due reminders...
2026-04-17 17:49:56.502 [scheduling-1] INFO  c.e.esp32_robot.service.impl.ReminderServiceImpl - Fetching due reminders
2026-04-17 17:49:56.504 [scheduling-1] INFO  c.e.esp32_robot.service.impl.ReminderServiceImpl - Found 0 due reminders
2026-04-17 17:50:26.508 [scheduling-1] DEBUG c.example.esp32_robot.scheduler.ReminderScheduler - Checking due reminders...
2026-04-17 17:50:26.509 [scheduling-1] INFO  c.e.esp32_robot.service.impl.ReminderServiceImpl - Fetching due reminders
2026-04-17 17:50:26.510 [scheduling-1] INFO  c.e.esp32_robot.service.impl.ReminderServiceImpl - Found 0 due reminders
2026-04-17 17:50:56.516 [scheduling-1] DEBUG c.example.esp32_robot.scheduler.ReminderScheduler - Checking due reminders...
2026-04-17 17:50:56.517 [scheduling-1] INFO  c.e.esp32_robot.service.impl.ReminderServiceImpl - Fetching due reminders
2026-04-17 17:50:56.519 [scheduling-1] INFO  c.e.esp32_robot.service.impl.ReminderServiceImpl - Found 0 due reminders
2026-04-17 17:51:26.532 [scheduling-1] DEBUG c.example.esp32_robot.scheduler.ReminderScheduler - Checking due reminders...
2026-04-17 17:51:26.533 [scheduling-1] INFO  c.e.esp32_robot.service.impl.ReminderServiceImpl - Fetching due reminders
2026-04-17 17:51:26.533 [scheduling-1] INFO  c.e.esp32_robot.service.impl.ReminderServiceImpl - Found 0 due reminders
2026-04-17 17:51:56.541 [scheduling-1] DEBUG c.example.esp32_robot.scheduler.ReminderScheduler - Checking due reminders...
2026-04-17 17:51:56.543 [scheduling-1] INFO  c.e.esp32_robot.service.impl.ReminderServiceImpl - Fetching due reminders
2026-04-17 17:51:56.544 [scheduling-1] INFO  c.e.esp32_robot.service.impl.ReminderServiceImpl - Found 0 due reminders
2026-04-17 17:52:26.551 [scheduling-1] DEBUG c.example.esp32_robot.scheduler.ReminderScheduler - Checking due reminders...
2026-04-17 17:52:26.552 [scheduling-1] INFO  c.e.esp32_robot.service.impl.ReminderServiceImpl - Fetching due reminders
2026-04-17 17:52:26.554 [scheduling-1] INFO  c.e.esp32_robot.service.impl.ReminderServiceImpl - Found 0 due reminders
2026-04-17 17:52:52.618 [SpringApplicationShutdownHook] INFO  o.s.orm.jpa.LocalContainerEntityManagerFactoryBean - Closing JPA EntityManagerFactory for persistence unit 'default'
2026-04-17 17:52:52.621 [SpringApplicationShutdownHook] INFO  com.zaxxer.hikari.HikariDataSource - HikariPool-1 - Shutdown initiated...
2026-04-17 17:52:52.632 [SpringApplicationShutdownHook] INFO  com.zaxxer.hikari.HikariDataSource - HikariPool-1 - Shutdown completed.
